,text,created_at,Location
0,"RT @RealJamesWoods: Cuomo threatens to shut down Manhattan, Hamptons again if coronavirus social-distancing rules broken // This genius mus‚Ä¶",2020-06-14 23:59:59,United States
1,"RT @latimesharriet: ‚ÄúThat‚Äôs a problem,‚Äù says the former state epidemiologist. Me and @kierafeldman https://t.co/RuwrvlmR9A",2020-06-14 23:59:59,
2,"Tokyo reports jump in coronavirus cases, many linked to nightclubs https://t.co/TQNdT3fiLB",2020-06-14 23:59:59,Singapore
3,"juneteenth.
[first trump rally since coronavirus was something the administration started to take seriously. ]

now‚Ä¶ https://t.co/WEnfnxONGs",2020-06-14 23:59:59,"South Orange, NJ"
4,"RT @RealJamesWoods: Cuomo threatens to shut down Manhattan, Hamptons again if coronavirus social-distancing rules broken // This genius mus‚Ä¶",2020-06-14 23:59:59,Trinidad and Tobago
5,"With an ever-growing array of hotel cleaning programs launched in response to coronavirus, a governing body may be‚Ä¶ https://t.co/eCmHxokNss",2020-06-14 23:59:59,"New York City, NY"
6,"RT @rhysblakely: A 70-year-old man in Seattle survived the coronavirus, got applauded by staff when he left the hospital after 62 days -- a‚Ä¶",2020-06-14 23:59:59,
7,RT @cinderellaicius: I am in the hospital with my heart. I have permanent damage from having Coronavirus in March. I want to be at the prot‚Ä¶,2020-06-14 23:59:59,United States
8,"RT @rhysblakely: A 70-year-old man in Seattle survived the coronavirus, got applauded by staff when he left the hospital after 62 days -- a‚Ä¶",2020-06-14 23:59:59,
9,RT @AFP: A retirement home in Brazil has come up with a creative solution to allow friends and families to enjoy personal contact with agin‚Ä¶,2020-06-14 23:59:59,somewhere (over the rainbow)
10,RT @PippaCrerar: ‚Å¶Former chief prosecutor ‚Å¶@nazirafzal‚Å© - whose brother Umar died from coronavirus in April while Dominic Cummings was 260‚Ä¶,2020-06-14 23:59:58,Somewhere in South East UK
11,"RT @funder: President Obama called Trump‚Äôs coronavirus response ""an absolute chaotic disaster.‚Äù #ObamaDayUSA",2020-06-14 23:59:58,Maryland USA
12,"RT @rhysblakely: A 70-year-old man in Seattle survived the coronavirus, got applauded by staff when he left the hospital after 62 days -- a‚Ä¶",2020-06-14 23:59:58,"Virginia, USA"
13,"RT @DrEricDing: 2) ‚ÄúWe analyzed 3,184 cases of coronavirus disease in Japan and identified 61 case-clusters in healthcare facilities, resta‚Ä¶",2020-06-14 23:59:58,Right behind you :)
14,RT @ewarren: Remember: Steve Mnuchin is refusing to disclose which companies received more than $500 billion in taxpayer funds. Americans d‚Ä¶,2020-06-14 23:59:58,"Charlottesville, VA"
15,"RT @JoyaMia00: No COVID19 concerns here. 

#LiberalHypocrisy 
#DemocratsAreDestroyingAmerica https://t.co/TspoqvEo0M",2020-06-14 23:59:58,Arizona
16,"RT @Cairo67Unedited: A disaster is unfolding in a village of 46000 called Dernka, near Asyut, to the south of Luxor. 
For the past 21-26 #E‚Ä¶",2020-06-14 23:59:58,USA
17,RT @MspdcaliKag: Fauci told CNN on Friday increases in cases in several states were ‚ÄúNOT‚Äù necessarily indicative of a ‚Äúsecond spike‚Äù of inf‚Ä¶,2020-06-14 23:59:58,United States
18,"RT @rhysblakely: A 70-year-old man in Seattle survived the coronavirus, got applauded by staff when he left the hospital after 62 days -- a‚Ä¶",2020-06-14 23:59:58,Chicago illinois 
19,RT @LionelMedia: I believe absolutely nothing that‚Äôs reported about coronavirus. Absolutely nothing. You could tell me the numbers are goin‚Ä¶,2020-06-14 23:59:58,"Eugene, OR"
20,"RT @RealJamesWoods: Cuomo threatens to shut down Manhattan, Hamptons again if coronavirus social-distancing rules broken // This genius mus‚Ä¶",2020-06-14 23:59:58,
21,RT @Gothamist: Gov. Andrew Cuomo put Manhattan and the Hamptons on blast for getting the most complaints for businesses not following reope‚Ä¶,2020-06-14 23:59:58,
22,"RT @mattlargey: BREAKING: The Austin area saw a record 30 hospital admissions today for #COVID19. 

That moves the 7-day average above 20 a‚Ä¶",2020-06-14 23:59:57,
23,"RT @RealJamesWoods: Cuomo threatens to shut down Manhattan, Hamptons again if coronavirus social-distancing rules broken // This genius mus‚Ä¶",2020-06-14 23:59:57,"New York, NY"
24,"RT @Erinys: The reason I wear masks in public? Every day, I know I could be that asymptomatic carrier. I can‚Äôt make the world risk free, bu‚Ä¶",2020-06-14 23:59:57,Vancity Canada
25,RT @DrEricDing: My earlier worst fears confirmed: Younger adults were the main source of 61 different outbreak clusters in Japan. In this s‚Ä¶,2020-06-14 23:59:57,"Portland, Oregon, USA"
26,"As much as everyone wants the economy to come back, it will, but at a very slow pace in 2020 until there is a vacci‚Ä¶ https://t.co/97ELJuTMgT",2020-06-14 23:59:57,"Bethesda, Maryland"
27,@HenryLWilson1 You are definitely bold. I possess a more cynical mindset and doubt that bridge will have been cross‚Ä¶ https://t.co/4Qjd4d0gsC,2020-06-14 23:59:57,"Oklahoma, USA"
28,"RT @SlicedWrestling: Did you know?

The partitions set up in front of the crowd isn't there to stop the spread of Coronavirus, it's there t‚Ä¶",2020-06-14 23:59:57,Las Vegas 
29,"RT @CNN: The US Surgeon General urged people to wear face coverings, saying they promote freedom during the coronavirus pandemic: ""If more‚Ä¶",2020-06-14 23:59:57,"Toronto, Canada"
30,RT @NickKristof: Did women leaders handle Covid-19 better than male leaders? I crunched data &amp; found that the death rate in female-led nati‚Ä¶,2020-06-14 23:59:56,United States
31,RT @latimes: Two long-haul flights into Los Angeles International Airport in March each included a person who later was found to have COVID‚Ä¶,2020-06-14 23:59:56,
32,"RT @KHOU: Houston, Harris County doctors see 'a disturbing increase' in number of hospitalizations of COVID-19 patients https://t.co/0KGVqH‚Ä¶",2020-06-14 23:59:56,
33,"RT @TheWitchesSpell: Foods to help boost your immune system:

- Lemons 
- Oranges 
- Grapefruit
- Blueberries
- Broccoli  
- Spinach
- Almo‚Ä¶",2020-06-14 23:59:56,The City 
34,"How Vaccines are made. To aise banta hai vaccine https://t.co/SFvhuQaXiR via @YouTube 

#VaccinesWork #COVID19‚Ä¶ https://t.co/jUAgvmVrR6",2020-06-14 23:59:56,
35,RT @Telegraph: A man has filed the first lawsuit against the Chinese government that seeks restitution for its cover-up of the coronavirus‚Ä¶,2020-06-14 23:59:55,Hong Kong
36,if u use 3-in-1 ur immune to the coronavirus,2020-06-14 23:59:55,BLM
37,"RT @RealJamesWoods: Cuomo threatens to shut down Manhattan, Hamptons again if coronavirus social-distancing rules broken // This genius mus‚Ä¶",2020-06-14 23:59:55,"Key West, FL"
38,"RT @SlicedWrestling: Did you know?

The partitions set up in front of the crowd isn't there to stop the spread of Coronavirus, it's there t‚Ä¶",2020-06-14 23:59:55,United Kingdom
39,"RT @RealJamesWoods: Cuomo threatens to shut down Manhattan, Hamptons again if coronavirus social-distancing rules broken // This genius mus‚Ä¶",2020-06-14 23:59:55,"Sidney, MT"
40,RT @LynnGilmartin: @DanOBrienPoker This is a reliable resource that‚Äôs updated daily. It compares US states (click on each state on the heat‚Ä¶,2020-06-14 23:59:55,Las Vegas
41,"@And__Ark He has the US at 15m now.  2m in mid-late March. 

https://t.co/WxvJDyTYN4",2020-06-14 23:59:54,"Downtown Saint Louis, MO"
42,"RT @rhysblakely: A 70-year-old man in Seattle survived the coronavirus, got applauded by staff when he left the hospital after 62 days -- a‚Ä¶",2020-06-14 23:59:54,
43,"RT @RealJamesWoods: Cuomo threatens to shut down Manhattan, Hamptons again if coronavirus social-distancing rules broken // This genius mus‚Ä¶",2020-06-14 23:59:54,
44,"RT @DFSMQM: Today's illegal jirga in Karachi manifests that Karachi's urbanization at the best is ruralisation,tribalisation and povertisat‚Ä¶",2020-06-14 23:59:54,
45,"RT @RichardBurgon: Three years on from Grenfell,  thousands still live in homes with unsafe cladding.

We live in the 6th largest economy i‚Ä¶",2020-06-14 23:59:54,
46,"RT @CNN: The US Surgeon General urged people to wear face coverings, saying they promote freedom during the coronavirus pandemic: ""If more‚Ä¶",2020-06-14 23:59:54,The Bat Cave
47,"RT @RealJamesWoods: Cuomo threatens to shut down Manhattan, Hamptons again if coronavirus social-distancing rules broken // This genius mus‚Ä¶",2020-06-14 23:59:54,Chicagoland/Northwest Indiana
48,RT @perlmutations: Remember when it used to matter how many Americans were dying from the coronavirus? There‚Äôs so much shit swirling around‚Ä¶,2020-06-14 23:59:54,
49,"RT @GrahamAllen_1: BREAKING:

@realDonaldTrump just passed 800,000 tickets for his first rally back since COVID19!

Biggest numbers by 10x!‚Ä¶",2020-06-14 23:59:54,
50,"RT @An0nAKn0wledge: With 2,581 new coronavirus cases, Florida hits a record high for the third day in a row:
https://t.co/xS4Uv8s5va",2020-06-14 23:59:54,
51,RT @CLSports: Ole Miss ranks last in SEC in college football recruiting. Lane Kiffin explains his dilemma https://t.co/vSIitUTSHr https://t‚Ä¶,2020-06-14 23:59:54,"West Jackson, MS"
52,"RT @MarkLevineNYC: New York City is clearly ready to be done with coronavirus.

But careful: coronavirus is not done with us yet.",2020-06-14 23:59:54,"New York, NY"
53,"RT @RealJamesWoods: Cuomo threatens to shut down Manhattan, Hamptons again if coronavirus social-distancing rules broken // This genius mus‚Ä¶",2020-06-14 23:59:53,"Houston, TX"
54,"RT @LotusOak2: The Italian Society for Rheumatology studied 65,000 patients on longterm hydroxychloroquine for RA and Lupus.

Only 20 patie‚Ä¶",2020-06-14 23:59:53,
55,"RT @DSD_GHS: Ghana's COVID-19 Cases stand at 11,964 as at 13th June, 2020.
Visit https://t.co/IW9gCmy3wm for details.

#covid_19 #covid19 #‚Ä¶",2020-06-14 23:59:53,"Kasoa, Ghana"
56,RT @DrEricDing: My earlier worst fears confirmed: Younger adults were the main source of 61 different outbreak clusters in Japan. In this s‚Ä¶,2020-06-14 23:59:53,Right behind you :)
57,RT @CNBC: Asia stocks set to slip as virus fears resurface; China's industrial production data ahead https://t.co/KcLZuaXjXy,2020-06-14 23:59:53,Gunter Texas
58,"RT @uchiwafangirl: ARASHI INSTASTORY
2020.06.14

Today was the last class for Waku Waku Gakkou Online. And also the last in the series of I‚Ä¶",2020-06-14 23:59:52,"Roppongi,Tokyo"
59,RT @allieyoung13: The death toll on #NavajoNation has reached 298 due to #COVID19. That‚Äôs 298 Navajo lives including 5 Medicine People gone‚Ä¶,2020-06-14 23:59:52,"Los Angeles, CA"
60,WHO warns England's lockdown should not be lifted further without improved test and trace system https://t.co/3czyft8Q79,2020-06-14 23:59:52,"London, England"
61,"RT @GovMikeDeWine: As in-person religious services begin to resume across #Ohio, here are some recommendations to help keep congregants saf‚Ä¶",2020-06-14 23:59:52,Ohio
62,Dining out Coronavirus Safe https://t.co/9TbduUmmTI,2020-06-14 23:59:52,At home
63,"RT @ThePlumLineGS: Unreal.

""There is ample reason to tie the latest surge of infections to relatively early reopenings...Most of the 10 ha‚Ä¶",2020-06-14 23:59:52,"Seattle, WA"
64,"RT @ClayTravis: Worth noting, roughly 7200 people died in the United States today of something other than the coronavirus. That means 95% o‚Ä¶",2020-06-14 23:59:52,"Lenexa, KS"
65,"RT @biannagolodryga: Kudlow to @jaketapper: ‚ÄúHospitalizations may be going up but that‚Äôs because elected procedures are now permitted.‚Äù 

T‚Ä¶",2020-06-14 23:59:52,"Georgia, USA"
66,RT @guardian: Coronavirus Australia update: Andrews to address explosive allegations of branch-stacking by Victorian MP ‚Äì politics live htt‚Ä¶,2020-06-14 23:59:52,Brazil
67,RT @cinderellaicius: I am in the hospital with my heart. I have permanent damage from having Coronavirus in March. I want to be at the prot‚Ä¶,2020-06-14 23:59:52,"Georgia, USA"
68,RT @godfree: This is America. https://t.co/AWqkidmUPV,2020-06-14 23:59:51,"Ohio, USA"
69,"RT @MartinHeinrich: It‚Äôs not political. It‚Äôs called science. Protect yourself and others.

https://t.co/UFTmxWmoif",2020-06-14 23:59:51,New Mexico
70,RT @NPR: Rebekah Jones says she was fired from her job at the Florida Health Department for refusing to manipulate data on its coronavirus‚Ä¶,2020-06-14 23:59:51,"Pittsburgh, PA"
71,"RT @revathitweets: FOUR security guards, ONE dog- the only occupants of the world famous 1500 bed #TIMS hospital inaugurated to fight back‚Ä¶",2020-06-14 23:59:51,"Hyderabad, India"
72,"RT @NBCNightlyNews: New coronavirus cases surge at hospitals in multiple states.

@Miguelnbc has details:
https://t.co/Gygxt21eoO",2020-06-14 23:59:51,Southern California
73,"RT @EverActiveAB: As discussion of return to school are happening around the world, this article proposes schools adopt a 90-day ""golden ag‚Ä¶",2020-06-14 23:59:51,"Cranberry Portage, MB"
74,NFHS Network is proud to support @AmericanCancer. Cancer patients still need our help. Support the vulnerable at‚Ä¶ https://t.co/j0jxUCDghd,2020-06-14 23:59:51,"Atlanta, GA"
75,"RT @RealJamesWoods: Cuomo threatens to shut down Manhattan, Hamptons again if coronavirus social-distancing rules broken // This genius mus‚Ä¶",2020-06-14 23:59:51,
76,"RT @jessesingal: Insane graphic about coronavirus that deserves to go viral

https://t.co/CX3tlt1zlF",2020-06-14 23:59:51,SC now but soon to be Houston
77,"RT @ThePlumLineGS: Unreal.

""There is ample reason to tie the latest surge of infections to relatively early reopenings...Most of the 10 ha‚Ä¶",2020-06-14 23:59:50,Boise Idaho
78,RT @PoliticusSarah: The Tulsa Health Department Director is urging Trump to cancel his rally due to rising coronavirus cases in the city.‚Ä¶,2020-06-14 23:59:50,
79,"RT @DuncanAlexandra: Dear ""experts,"" please stop saying going to a library is a low-risk activity when you have no idea what libraries are‚Ä¶",2020-06-14 23:59:50,oregon
80,"RT @Ian56789: Judges demand answers after children die in controversial Bill Gates funded cancer vaccine trial in India
https://t.co/6GHvM4‚Ä¶",2020-06-14 23:59:50,"Long Beach, CA"
81,"RT @RealJamesWoods: Cuomo threatens to shut down Manhattan, Hamptons again if coronavirus social-distancing rules broken // This genius mus‚Ä¶",2020-06-14 23:59:50,
82,RT @gregmortenson: üá¶üá´ #Afghanistan all schools will remain closed until September to prevent the spread of coronavirus. Schools were closed‚Ä¶,2020-06-14 23:59:49,
83,RT @guardian: Coronavirus live news: Beijing enters 'extraordinary period' as it races to contain new Covid-19 outbreak https://t.co/zhZOet‚Ä¶,2020-06-14 23:59:49,"ƒ∞stanbul, T√ºrkiye"
84,RT @NickKristof: Did women leaders handle Covid-19 better than male leaders? I crunched data &amp; found that the death rate in female-led nati‚Ä¶,2020-06-14 23:59:49,
85,"RT @EricTopol: What we've been missing, below the surface, about #COVID19. The focus has been on confirmed cases, hospitalizations and deat‚Ä¶",2020-06-14 23:59:49,"London, England"
86,"RT @ManuelVeth: Sad news this, former #Bundesliga champions, and home of five players that won the World Cup with Germany in 1954, 1.FC Kai‚Ä¶",2020-06-14 23:59:49,"Wingerworth, Derbyshire"
87,"RT @RealJamesWoods: Cuomo threatens to shut down Manhattan, Hamptons again if coronavirus social-distancing rules broken // This genius mus‚Ä¶",2020-06-14 23:59:49,"Milwaukee, WI #CreamCity"
88,RT @cinderellaicius: I am in the hospital with my heart. I have permanent damage from having Coronavirus in March. I want to be at the prot‚Ä¶,2020-06-14 23:59:49,"Minnesota, USA"
89,"RT @ASlavitt: For the third month in a row, Larry Kudlow made it on the ‚ÄúPeople whose Coronavirus advice no one listens to but he keeps giv‚Ä¶",2020-06-14 23:59:49,"Tallahassee, FL"
90,"RT @rhysblakely: A 70-year-old man in Seattle survived the coronavirus, got applauded by staff when he left the hospital after 62 days -- a‚Ä¶",2020-06-14 23:59:49,
91,"RT @clarionledger: Nine athletes from the Ole Miss athletic department have been quarantined, the University of Mississippi has confirmed.‚Ä¶",2020-06-14 23:59:49,"West Jackson, MS"
92,"RT @jialanw: Oh dear. Yup. Second graph actual data from California.

Rational expectations is utterly dead to me. #coronavirus #doh #whatd‚Ä¶",2020-06-14 23:59:48,
93,"RT @EIDAorg: Children's charity @NSPCC are calling for the #DomesticAbuseBill to have greater protections for children and young people.

T‚Ä¶",2020-06-14 23:59:48,"Killyleagh, Northern Ireland"
94,"RT @rhysblakely: A 70-year-old man in Seattle survived the coronavirus, got applauded by staff when he left the hospital after 62 days -- a‚Ä¶",2020-06-14 23:59:48,Citizen Of The World
95,"RT @DanRather: We shouldn‚Äôt be surprised that coronavirus remains a highly contagious infectious disease that thrives when people gather, e‚Ä¶",2020-06-14 23:59:48,"Indialantic, FL"
96,"RT @annehelen: WOW IT'S ALMOST AS IF MASK-WEARING IS GOOD 

Two infected Missouri hairstylists were wearing masks. None of their 140 custom‚Ä¶",2020-06-14 23:59:48,"Fort Worth, TX & Cambridge, ON"
97,RT @adamlisberg: Actual reasons NYPD cops give for not wearing masks https://t.co/FYZaOQgT1k https://t.co/BT45vDDwFu,2020-06-14 23:59:48,"Portland, OR"
98,RT @KellyO: The president‚Äôs just announced campaign rally for Oklahoma includes a liability waiver in the registration for rally attendees‚Ä¶,2020-06-14 23:59:48,Blue Tennessee
99,"RT @DiseaseEcology: Is re-instituting lockdowns necessary to stop rapidly rising #COVID19 cases globally?
Answer: No. But we're failing at‚Ä¶",2020-06-14 23:59:48,DC
100,"RT @TheBizJournal: Homebuyers looking to buy big-ticket properties ‚Äì $500,000 and up ‚Äì aren‚Äôt going to let the coronavirus stop them. #Real‚Ä¶",2020-06-14 23:59:47,"Chicago, IL"
101,RT @PLOS: New #COVID19 research published in PLOS journals this week. Explore the full #OpenAccess #ArticleCollection.,2020-06-14 23:59:47,"Yogyakarta, indonesia"
102,RT @DrEricDing: My earlier worst fears confirmed: Younger adults were the main source of 61 different outbreak clusters in Japan. In this s‚Ä¶,2020-06-14 23:59:47,On the roof.
103,"RT @DrDenaGrayson: ‚ÄºÔ∏èLarry Kudlow claims the $600 extra unemployment benefits in the #coronavirus stimulus package are ""a disincentive‚Äù for‚Ä¶",2020-06-14 23:59:47,
104,"RT @GordonGChang: #COVID19 crippled #America because we left ourselves open to #China. We must, therefore, close our doors to that regime b‚Ä¶",2020-06-14 23:59:47,"Boston, MA"
105,"@mikejopek I‚Äôm not a public health scientist, rather a lay legislator. So, as many times as you‚Äôd like to feel safe‚Ä¶ https://t.co/j0wlffsU8u",2020-06-14 23:59:47,
106,"RT @AbraarKaran: Lungs of an otherwise healthy woman in her 20s who received the first lung transplant for #covid19 in the US. 

https://t.‚Ä¶",2020-06-14 23:59:47,
107,"RT @rhysblakely: A 70-year-old man in Seattle survived the coronavirus, got applauded by staff when he left the hospital after 62 days -- a‚Ä¶",2020-06-14 23:59:47,"Jacksonville Beach, FL"
108,"RT @TomthunkitsMind: REPUBLICANS ARE WILLING TO KILL PEOPLE TO KEEP POWER.

This is what voting lines look like in Wisconsin after the stat‚Ä¶",2020-06-14 23:59:46,"NEW YORK,NEW YORK"
109,To my #Ebola colleagues do we know much about the epidemiology of the new outbreak other than it is in #Equateur pr‚Ä¶ https://t.co/rFZgxI85MO,2020-06-14 23:59:46,"Palo Alto, CA"
110,"RT @DarrenEuronews: Top 5 countries üåç with highest number of #coronavirus cases

1. üá∫üá∏ USA (Trump)
2. üáßüá∑ Brazil (Bolsonaro)
3. üá∑üá∫ Russia (P‚Ä¶",2020-06-14 23:59:46,India
111,RT @DocJeffD: This virus is not going to rest until it infects about 60 percent to 70 percent of the population... https://t.co/amKduN0LB5,2020-06-14 23:59:46,"Salt Lake City, UT"
112,"RT @IAmBumblebee: ""Capitalism itself is a fatally unstable system, Wolff pointed out. The very dynamics of capitalism inevitably lead to bo‚Ä¶",2020-06-14 23:59:46,"Las Vegas, NV"
113,"RT @notcapnamerica: BREAKING: Arizona‚Äôs infection rate is now three times that of New York State. 

#COVID19 https://t.co/ab964LrBJ8",2020-06-14 23:59:46,
114,"RT @guardian: Give 1m UK children reliable broadband or risk harming their education, MPs say https://t.co/LV69zKH7w3",2020-06-14 23:59:46,Brazil
115,"RT @dunefiIm: i recently wrote about yemen for my final in my global issues class, so here are a few facts about yemen‚Äôs humanitarian crisi‚Ä¶",2020-06-14 23:59:46,
116,RT @ANI: A 56-year-old Indian Revenue Service (IRS) officer allegedly committed suicide by ingesting acid in his car in Dwarka over fear of‚Ä¶,2020-06-14 23:59:46,India
117,"RT @60Minutes: ‚ÄúIf we make cuts to higher education now, if we undermine public higher [education] as a driver of economic opportunity, we‚Ä¶",2020-06-14 23:59:46, MI
118,RT @cinderellaicius: I am in the hospital with my heart. I have permanent damage from having Coronavirus in March. I want to be at the prot‚Ä¶,2020-06-14 23:59:46,"Oak Ridge, TN"
119,"RT @rhysblakely: A 70-year-old man in Seattle survived the coronavirus, got applauded by staff when he left the hospital after 62 days -- a‚Ä¶",2020-06-14 23:59:46,mocityy
120,"RT @LiddleSavages: Infectious disease expert Dr. Anthony Fauci: ‚ÄúAlthough we would love to get back to business as usual, just take a look‚Ä¶",2020-06-14 23:59:45,TX Sheltered in place 
121,Cardiff Blues: Up to ¬£6m revenue reduction predicted because of coronavirus  https://t.co/Zw3wZhZUQc,2020-06-14 23:59:45,West Yorkshire
122,RT @OGrady_Texas: @mdnij34 I will wear a mask and social distance until 4 weeks after I get a #COVID19 vaccination. I get bronchitis once o‚Ä¶,2020-06-14 23:59:45,
123,"RT @rhysblakely: A 70-year-old man in Seattle survived the coronavirus, got applauded by staff when he left the hospital after 62 days -- a‚Ä¶",2020-06-14 23:59:45,"Texas, USA"
124,"RT @JemilahMahmood: This is an important thread to read. Transmission of COVID19 is primarily by fit, healthy young adults. Yes the ones wh‚Ä¶",2020-06-14 23:59:45,Right behind you :)
125,"RT @SallyDeal4: @joncoopertweets #ARKANSAS! üòÆ
‚ö†Ô∏è Resisters!
The #coronavirus has caused voter registration to plummet + not everyone's payi‚Ä¶",2020-06-14 23:59:45,
126,RT @DoomsdayDebunks: News about spike in cases in some US states from Memorial day obscures news that many are controlling #COVID19 very we‚Ä¶,2020-06-14 23:59:45,
127,RT @ewarren: Remember: Steve Mnuchin is refusing to disclose which companies received more than $500 billion in taxpayer funds. Americans d‚Ä¶,2020-06-14 23:59:45,"South Bend, IN"
128,"RT @segzy_agent: It's so tiring that even with so many of us directly affected by COVID-19, some simpletons are still asking 'who do you kn‚Ä¶",2020-06-14 23:59:45,"Abuja, Nigeria"
129,"RT @Shirastweet: #CyberSecurity professionals have been working harder &amp; longer hours due to this #pandemic #coronavirus
https://t.co/Kemby‚Ä¶",2020-06-14 23:59:45,Worldwide
130,@kcivey @keshinil @BarrasReport ...How‚Äôs the whole ‚Äòvote-by-mail‚Äô thing going? NYC voters are discovering what DC v‚Ä¶ https://t.co/NsDUidqkwC,2020-06-14 23:59:44,"Washington, DC"
131,RT @altNOAA: A close friend of mine just lost both her parents to COVID19 in a single day. I just don't understand why more people aren't t‚Ä¶,2020-06-14 23:59:44,
132,RT @Telegraph: A man has filed the first lawsuit against the Chinese government that seeks restitution for its cover-up of the coronavirus‚Ä¶,2020-06-14 23:59:44,
133,"RT @HillaryClinton: COVID-19 is still killing hundreds of Americans a day and strangling our economy. 

Meanwhile, the Trump administration‚Ä¶",2020-06-14 23:59:44,
134,"RT @NPR: Up to 1,000 South Florida service members, first responders and their families will be the first group of fans allowed to watch a‚Ä¶",2020-06-14 23:59:44,"Connecticut, USA"
135,RT @simondolan: The Govt has asked key players in the Education sector to sign a gagging clause to stop discussions about schools response‚Ä¶,2020-06-14 23:59:44,"East Grinstead, South East"
136,"RT @rhysblakely: A 70-year-old man in Seattle survived the coronavirus, got applauded by staff when he left the hospital after 62 days -- a‚Ä¶",2020-06-14 23:59:44,"Lagos, Nigeria"
137,"RT @catturd2: Remember y'all ... just watch. 

With all the huge riots and protests, in all the big Democrat cities, all across the USA - T‚Ä¶",2020-06-14 23:59:44,
138,"RT @chrisprener: Short #Missouri #COVID19 evening update üßµ for Sunday, 6/14. I‚Äôve pushed updates to all metrics to the website - https://t.‚Ä¶",2020-06-14 23:59:44,"Missouri, USA"
139,"RT @latimes: Without instructions to self-quarantine or seek testing, more than 200 people on these flights returned to their families and‚Ä¶",2020-06-14 23:59:43,Northern California 
140,"RT @RealJamesWoods: Cuomo threatens to shut down Manhattan, Hamptons again if coronavirus social-distancing rules broken // This genius mus‚Ä¶",2020-06-14 23:59:43,
141,"RT @RonBrownstein: ""TX reported a record high of 2,242 COVID-19 hospitalizations on Saturday, according to Texas Health and Human Services.‚Ä¶",2020-06-14 23:59:43,Crestview Florida...gulf coast
142,RT @WajahatAli: We've been in lockdown since late February. We have an immuno-compromised daughter who survived Stage 4 cancer this year. F‚Ä¶,2020-06-14 23:59:43,Northern California 
143,"RT @LizFarmerTweets: New to working from home? Already a pro? Love podcasts? Tired of questions and want me to get to the point? 
Listen to‚Ä¶",2020-06-14 23:59:43,Los Angeles
144,"RT @RealJamesWoods: Cuomo threatens to shut down Manhattan, Hamptons again if coronavirus social-distancing rules broken // This genius mus‚Ä¶",2020-06-14 23:59:43,
145,"RT @People4Shahid: Why hasn‚Äôt @SpeakerPelosi pushed to freeze rent during the coronavirus pandemic? 

San Francisco is one of the most expe‚Ä¶",2020-06-14 23:59:43,
146,"RT @AnEggOnABeach: An adult outside the cage is wearing a mask, that means all these children are packed in cages without any protection du‚Ä¶",2020-06-14 23:59:43,
147,"RT @rebeccanagle: While there are a lot of negative (and racist) stereotypes about tribal casinos, they are the economic base for governmen‚Ä¶",2020-06-14 23:59:43,
148,"RT @catturd2: Remember y'all ... just watch. 

With all the huge riots and protests, in all the big Democrat cities, all across the USA - T‚Ä¶",2020-06-14 23:59:42,"Oregon, USA"
149,RT @Bamafanaticfan1: Trump campaign claims record number of ticket requests for rescheduled Tulsa rally | Fox News And All If A Sudden Demo‚Ä¶,2020-06-14 23:59:42,
150,"RT @AbraarKaran: THREAD
1/ To all my friends in their 20s/30s

Even if you don‚Äôt care about spreading to others (grandma etc), the threat #‚Ä¶",2020-06-14 23:59:42,
151,"RT @RealJamesWoods: Cuomo threatens to shut down Manhattan, Hamptons again if coronavirus social-distancing rules broken // This genius mus‚Ä¶",2020-06-14 23:59:42,Republic of Texas
152,RT @tmprowell: The US has performed its first double lung transplant for lung damage caused by #COVID19. The recipient is a 20 yr old woman‚Ä¶,2020-06-14 23:59:41,India
153,"RT @PeterDaszak: This is a tragedy we knew was coming. ‚ÄúNearly 2,000 people in and around Leticia are sick with COVID-19. About 70 have die‚Ä¶",2020-06-14 23:59:41,
154,"RT @Junaidch_: May Allah grant #shahidafridi a speedy recovery from #covid19.
#Lala is our national hero. He is the only Pakistani who has‚Ä¶",2020-06-14 23:59:41,Azad Kashmir.
155,"RT @ABSCBNNews: DAY 93. Here are the stories you need to watch out for this Monday, June 15, 2020, amid the #COVID19 pandemic:

* The Phili‚Ä¶",2020-06-14 23:59:41,‡¥ï‡µá‡¥∞‡¥≥‡¥Ç
156,"RT @MichelReuters: Macron tonight: ‚ÄúI will be very clear tonight, compatriots: the Republic won‚Äôt erase any name from its history. It will‚Ä¶",2020-06-14 23:59:40,
157,RT @cinderellaicius: I am in the hospital with my heart. I have permanent damage from having Coronavirus in March. I want to be at the prot‚Ä¶,2020-06-14 23:59:40,"City by the Strait, MI"
158,"""Woo we beat Coronavirus by staying inside for one week two months ago.""

""Beaten? me?""

""Let's reopen back up and‚Ä¶ https://t.co/PQ3JED9JOV",2020-06-14 23:59:40,"Savannah, GA"
159,RT @MspdcaliKag: Fauci told CNN on Friday increases in cases in several states were ‚ÄúNOT‚Äù necessarily indicative of a ‚Äúsecond spike‚Äù of inf‚Ä¶,2020-06-14 23:59:40,Low Country
160,"RT @funder: President Obama called Trump‚Äôs coronavirus response ""an absolute chaotic disaster.‚Äù #ObamaDayUSA",2020-06-14 23:59:40,
161,RT @latimes: Two long-haul flights into Los Angeles International Airport in March each included a person who later was found to have COVID‚Ä¶,2020-06-14 23:59:40,
162,"RT @Reuters: More U.S. states, including Florida and Texas, are experiencing record-breaking levels of coronavirus cases and hospitalizatio‚Ä¶",2020-06-14 23:59:40,colombia
163,"RT @RealJamesWoods: Cuomo threatens to shut down Manhattan, Hamptons again if coronavirus social-distancing rules broken // This genius mus‚Ä¶",2020-06-14 23:59:40,"S√£o Paulo, Brasil"
164,"RT @RealJamesWoods: Cuomo threatens to shut down Manhattan, Hamptons again if coronavirus social-distancing rules broken // This genius mus‚Ä¶",2020-06-14 23:59:40,"Elmore, Oh"
165,RT @sirhottest: I miss the daily coronavirus taskforce briefings. There's nothing else like watching the President destroy the media direct‚Ä¶,2020-06-14 23:59:40,
166,RT @OfficialFCTA: The FCT Ministerial Task Team on #COVID19 seals up Jabi Lake Mall indefinitely for violating Presidential Task Force‚Äôs di‚Ä¶,2020-06-14 23:59:39,Nigeria
167,Complicit Democrats! Citizens held hostage! ##CuomoKilledThousands #BLMTerrorists #BLM #riots #coronavirus https://t.co/VoEUWC0M7R,2020-06-14 23:59:39,
168,RT @larry_levitt: Why what's happening in a state like Arizona is so concerning: The number of new confirmed infections is going up rapidly‚Ä¶,2020-06-14 23:59:39,"Scottsdale, AZ"
169,RT @latimes: The mishandling of these cases raises questions about how well public officials have carried out contact tracing thus far and‚Ä¶,2020-06-14 23:59:39,"Los Angeles, CA"
170,RT @NefariousNewt: Anyone who watched a trump coronavirus briefing.,2020-06-14 23:59:39,Bmore Where You See More
171,RT @DrDenaGrayson: üö®Scientists in #Japan found that people between the ages of 20-39 years old were the primary source of 50% of #coronavir‚Ä¶,2020-06-14 23:59:39,
172,"RT @RealJamesWoods: Cuomo threatens to shut down Manhattan, Hamptons again if coronavirus social-distancing rules broken // This genius mus‚Ä¶",2020-06-14 23:59:39,
173,"RT @CNN: The US Surgeon General urged people to wear face coverings, saying they promote freedom during the coronavirus pandemic: ""If more‚Ä¶",2020-06-14 23:59:39,
174,RT @niccijsmith: .#Taiwan is fighting Chinese disinformation by building ‚Äúnerd immunity‚Äù @audreyt tells @TelegraphWorld ‚ÄúIt‚Äôs the Taiwan mo‚Ä¶,2020-06-14 23:59:39,Hong Kong
175,Yeah I guess that whole hot weather will kill it hypotheses didn‚Äôt pan out. Another falsehood the trump administrat‚Ä¶ https://t.co/D71eWKELrB,2020-06-14 23:59:39,"Iowa, USA"
176,Can I get paid for watching TV? I‚Äôve been getting good at it for 3 months now. What about reading stupid ‚Äústuff‚Äù on‚Ä¶ https://t.co/ORd3R4iEM4,2020-06-14 23:59:39,"Las Vegas, NV"
177,RT @globaltimesnews: The global seafood industry is to sustain a temporary blow after the latest #coronavirus outbreak Beijing's Fengtai Di‚Ä¶,2020-06-14 23:59:39,Currently in the Philippines 
178,"RT @JennJermaine: The White Mountain Apache Tribe in eastern Arizona is struggling with the coronavirus. As of Monday, June 8 the Tribe rep‚Ä¶",2020-06-14 23:59:39,inbetween
179,"RT @DenbrotS: DeSantis Makes Florida Lie About Its COVID Death Statistics

FDLE releases list of COVID-19 deaths. Top medical examiner call‚Ä¶",2020-06-14 23:59:38,"Owen Sound, Ontario"
180,"@thehill New Zealand had no active coronavirus cases and no new infections, ... Plans for a ‚Äútravel bubble‚Äù with Au‚Ä¶ https://t.co/LVnO0Pzc1W",2020-06-14 23:59:38,
181,RT @annafifield: A sign of how alarmed the Beijing authorities are about the coronavirus outbreak: Even the State Council press conferences‚Ä¶,2020-06-14 23:59:38,NY
182,"RT @guardian: UK economy to shrink by 8% in 2020, forecasters say https://t.co/Z2v3wJnqdj",2020-06-14 23:59:38,Brazil
183,"RT @funder: President Obama called Trump‚Äôs coronavirus response ""an absolute chaotic disaster.‚Äù #ObamaDayUSA",2020-06-14 23:59:38,
184,"RT @ABSCBNNews: DAY 93. Here are the stories you need to watch out for this Monday, June 15, 2020, amid the #COVID19 pandemic:

* The Phili‚Ä¶",2020-06-14 23:59:38,Republic of the Philippines
185,"RT @nivassoc: Losing 2,000 music venues across the country would be devastating to local economies and virtually every aspect of the music‚Ä¶",2020-06-14 23:59:38,"Brooklyn, NY"
186,RT @EdmJbg: @mojopono @WhteRbbnAdvocat @Girrali @Penny_MadamLash @LadyPoop2 @WgarNews @twtrrr @rjstrikers @SaveEarthFromUs @lynlinking @Bla‚Ä¶,2020-06-14 23:59:38,"Gawler, South Australia"
187,"RT @RealJamesWoods: Cuomo threatens to shut down Manhattan, Hamptons again if coronavirus social-distancing rules broken // This genius mus‚Ä¶",2020-06-14 23:59:38,
188,"RT @PamBelluck: ‚ÄòThis Virus Is Not Going to Rest,‚Äô Disease Expert Says https://t.co/T8WF1XX10q",2020-06-14 23:59:38,Boston
189,"RT @korpiable: @chef_kendra @Politidope Are you sure about that?

https://t.co/WhVKAsd50g",2020-06-14 23:59:38,"Pompano Beach, FL"
190,The details on #DCU‚Äôs move to full-team training sessions: https://t.co/TAxI2oRKeS,2020-06-14 23:59:38,The DMV
191,‚ÄòDisinfecting non-stop‚Äô as Italy faces two new coronavirus outbreaks https://t.co/zq3kV8CISn,2020-06-14 23:59:38,Singapore
192,"RT @rhysblakely: A 70-year-old man in Seattle survived the coronavirus, got applauded by staff when he left the hospital after 62 days -- a‚Ä¶",2020-06-14 23:59:38,Kuala Lumpur City
193,RT @PoliticusSarah: The Tulsa Health Department Director is urging Trump to cancel his rally due to rising coronavirus cases in the city.‚Ä¶,2020-06-14 23:59:38,"Arlington,VA"
194,"RT @NikolovScience: Did you know that, if you don't believe in ""social distancing"" and mask wearing as measures to prevent COVID19 spread,‚Ä¶",2020-06-14 23:59:38,Texas
195,"RT @60Minutes: ‚ÄúMasks, masks and more masks,‚Äù say Dr. Myron Cohen about the new rules at UNC Chapel Hill when student return to campus. ‚ÄúWe‚Ä¶",2020-06-14 23:59:37,Somewhere over the rainbow
196,"RT @garrettaddison: Looking for a book while you're in isolation?

https://t.co/qNeyX6Qrvc

THE TRAVELLER

#BunkerUpWithABook #GetReading #‚Ä¶",2020-06-14 23:59:37,
197,"RT @cityoftoronto: #CityofTO is looking for diverse perspectives on how Toronto can recover, rebuild &amp; emerge from #COVID19 even stronger.‚Ä¶",2020-06-14 23:59:37,Toronto
198,"RT @adamsmet66: A THREAD:

On Friday it was my birthday. I celebrated at home with my family. I had cake. I was spoiled. I couldn't have be‚Ä¶",2020-06-14 23:59:37,
199,"RT @nytimes: The coronavirus won‚Äôt be loosening its grip on the U.S. any time soon, infectious disease experts said on Sunday. Experts have‚Ä¶",2020-06-14 23:59:37,"Chicago, IL"
200,"RT @Reuters: More U.S. states, including Florida and Texas, are experiencing record-breaking levels of coronavirus cases and hospitalizatio‚Ä¶",2020-06-14 23:59:37,"Mexicali, M√©xico."
201,Funny how protesting and looting didn‚Äôt make the list from @MLive ü§î #Plandemic #StopTheMadness From hair salons to‚Ä¶ https://t.co/TIUDcLgJq8,2020-06-14 23:59:37,
202,"RT @Thomas1774Paine: With Trump Rallies Returning, the Media Suddenly Remembers the Coronavirus Pandemic https://t.co/bJSSx4TBZn",2020-06-14 23:59:37,
203,"RT @guardian: More than a million left out of coronavirus income support, say MPs https://t.co/40RB7LlVQf",2020-06-14 23:59:36,Brazil
204,RT @DrEricDing: My earlier worst fears confirmed: Younger adults were the main source of 61 different outbreak clusters in Japan. In this s‚Ä¶,2020-06-14 23:59:36,Arkansas
205,"RT @BuckSexton: Can guarantee right now that even if this continues to be the case, there‚Äôll be many news stories right after first Trump r‚Ä¶",2020-06-14 23:59:36,MA
206,"RT @CLFSuperPAC: We see #FakeNurse @LaurenUnderwood is trying to combat medical misinformation about coronavirus.

Here's a great starting‚Ä¶",2020-06-14 23:59:36,"Queens, NY"
207,"RT @kerpen: California coronavirus surge tied to increase in testing, not reopening businesses, official says https://t.co/Tb54pFwQKV",2020-06-14 23:59:36,
208,"RT @travel_slovenia: GREAT NEWS: After more than three months of closure due to the #coronavirus pandemic, #Vogel Cable Car above Lake #Boh‚Ä¶",2020-06-14 23:59:36,üá©üá∞üá®üá¶üá∫üá∏
209,"RT @rhysblakely: A 70-year-old man in Seattle survived the coronavirus, got applauded by staff when he left the hospital after 62 days -- a‚Ä¶",2020-06-14 23:59:36,the ghetto ra ta ta ta 
210,"RT @RealJamesWoods: Cuomo threatens to shut down Manhattan, Hamptons again if coronavirus social-distancing rules broken // This genius mus‚Ä¶",2020-06-14 23:59:35,
211,@ZaidZamanHamid To all the Sheep who still believe that coronavirus is exactly as the media says it is. This report‚Ä¶ https://t.co/z8d91xkhC7,2020-06-14 23:59:35,"England, United Kingdom"
212,"RT @rhysblakely: A 70-year-old man in Seattle survived the coronavirus, got applauded by staff when he left the hospital after 62 days -- a‚Ä¶",2020-06-14 23:59:35,In my mind
213,"How is it I can track &amp; trace my @adidas order, but @MattHancock can't track and trace coronavirus contacts?",2020-06-14 23:59:35,
214,"RT @StreetArtDream: ... we protect the weakest, we will come out stronger. Love is the answer ‚ù§Ô∏è. Art by Melbourne's Murals and Interior De‚Ä¶",2020-06-14 23:59:35,"Virginia, USA"
215,"RT @3PlusInt: If you are struggling to remember some of women political leaders who have been forging out of this crisis, we've made a list‚Ä¶",2020-06-14 23:59:35,
216,"RT @axios: Gov. Andrew Cuomo threatened to reverse New York's phased reopening after the state received 25,000 complaints that businesses ‚Äî‚Ä¶",2020-06-14 23:59:35,United States
217,RT @AlbertTLunde: @DrDeeKnight @sheriantoinette This is one recent explanation:  #COVID19 COVID-19 inflames the lining of blood vessels thr‚Ä¶,2020-06-14 23:59:35,"Lagos, Nigeria"
218,"RT @EdnaK_: @PressSec @realDonaldTrump Remember that time Kelly MagaNinny said that Trump wouldn't let ""diseases like the coronavirus come‚Ä¶",2020-06-14 23:59:35,"Beaver Falls, Pa. USA"
219,RT @GrandpaSnarky: Ky. megachurch shuts down again after 18 members test positive for coronavirus https://t.co/Akvdg8pYzY,2020-06-14 23:59:35,"Garland, TX"
220,"RT @RealJamesWoods: Cuomo threatens to shut down Manhattan, Hamptons again if coronavirus social-distancing rules broken // This genius mus‚Ä¶",2020-06-14 23:59:34,"South Carolina, USA"
221,"RT @RealJamesWoods: Cuomo threatens to shut down Manhattan, Hamptons again if coronavirus social-distancing rules broken // This genius mus‚Ä¶",2020-06-14 23:59:34,"DAWGNation,GA‚ù§Ô∏èüñ§"
222,RT @Reuters: French coronavirus 24-hour death toll under 30 for fifth day https://t.co/IaNEYxsoea https://t.co/mE6dqvwEDG,2020-06-14 23:59:34,"Bogot√°, Colombia"
223,"RT @ShawnInArizona: I kinda wish we had separate grocery stores for people who acknowledge the coronavirus is real, and for people who don'‚Ä¶",2020-06-14 23:59:34,"New Jersey, USA"
224,"RT @rhysblakely: A 70-year-old man in Seattle survived the coronavirus, got applauded by staff when he left the hospital after 62 days -- a‚Ä¶",2020-06-14 23:59:34,Anonymous
225,"RT @nytimes: China on Sunday reported 57 new confirmed coronavirus infections, its highest single-day tally in 2 months. One potential outb‚Ä¶",2020-06-14 23:59:34,"Milwaukee WI , Chattanooga TN"
226,"RT @Reuters: More U.S. states, including Florida and Texas, are experiencing record-breaking levels of coronavirus cases and hospitalizatio‚Ä¶",2020-06-14 23:59:34,"Brebes, Indonesia"
227,"RT @RealJamesWoods: Cuomo threatens to shut down Manhattan, Hamptons again if coronavirus social-distancing rules broken // This genius mus‚Ä¶",2020-06-14 23:59:33,Texas Panhandle ‚ú≠
228,RT @allieyoung13: The death toll on #NavajoNation has reached 298 due to #COVID19. That‚Äôs 298 Navajo lives including 5 Medicine People gone‚Ä¶,2020-06-14 23:59:33,
229,RT @ewarren: Remember: Steve Mnuchin is refusing to disclose which companies received more than $500 billion in taxpayer funds. Americans d‚Ä¶,2020-06-14 23:59:33,"Lemon Grove, CA"
230,"RT @nytimes: The coronavirus won‚Äôt be loosening its grip on the U.S. any time soon, infectious disease experts said on Sunday. Experts have‚Ä¶",2020-06-14 23:59:33,
231,"@ODNMalaysia JOIN ME NOW
Malaysia Life&amp;Medical Insurance business!

üòä Start with any1 you know in Malaysia, that pl‚Ä¶ https://t.co/nwDhs9zSyh",2020-06-14 23:59:33,Malaysia
232,"RT @RealJamesWoods: New York state‚Äôs death toll of 30,575 accounted for 7% of the world‚Äôs deaths and 27% of American deaths as of June 11 /‚Ä¶",2020-06-14 23:59:33,"Surprise, Arizona USA"
233,"RT @ViralRNA: #Covid19 vaccine: @imperialcollege London to start Phase1 trial on 15 June! 
üëâ for UK &amp; low-income countries, Imperial and VG‚Ä¶",2020-06-14 23:59:33,United Kingdom
234,"RT @rhysblakely: A 70-year-old man in Seattle survived the coronavirus, got applauded by staff when he left the hospital after 62 days -- a‚Ä¶",2020-06-14 23:59:33,"Port Charlotte, FL"
235,@jimmcclung3 @SheepKnowMore @parscale @JoeBiden Really? https://t.co/mwCL8ZRLQr,2020-06-14 23:59:33,"Livermore, CA"
236,RT @EyesOnQ: #ExposeBillGates explodes on Twitter as conspiracy theorists vow to avoid Covid-19 vaccine connected to billionaire  https://t‚Ä¶,2020-06-14 23:59:33,
237,"RT @redsteeze: Hi Andy, give this a read. 
https://t.co/W6Nt0IUTxJ https://t.co/wK1QO5Mxzg",2020-06-14 23:59:32,United States
238,"RT @annehelen: WOW IT'S ALMOST AS IF MASK-WEARING IS GOOD 

Two infected Missouri hairstylists were wearing masks. None of their 140 custom‚Ä¶",2020-06-14 23:59:32,San Francisco
239,"RT @rtehrani: Has Covid-19 Hit Women In Tech Harder? Hear From Them Directly https://t.co/YjGirUSJiy

#pandemictech @news_pandemic #CoronaV‚Ä¶",2020-06-14 23:59:32,"Dallas, TX"
240,RT @kirie50468330: so a few of the celebrity‚Äôs in the elite cult that ‚Äòclaimed‚Äô to have coronavirus are actually under house arrest for chi‚Ä¶,2020-06-14 23:59:32,"Brooklyn, NY"
241,"RT @doctor_oxford: ‚ÄúCovid-19 has held a mirror up to our society &amp; forced us to look at who really is vulnerable, who really makes society‚Ä¶",2020-06-14 23:59:32,Colchester/Born Warrington
242,RT @ewarren: Remember: Steve Mnuchin is refusing to disclose which companies received more than $500 billion in taxpayer funds. Americans d‚Ä¶,2020-06-14 23:59:32,"Currently reside in Phx, AZ."
243,"RT @RalphsCard: @PRKF3TR @DanielGStone Study: 71 percent of jobless Americans did not receive their March unemployment benefits

A new Pew‚Ä¶",2020-06-14 23:59:32,
244,RT @TerryAllanCCBH: Masks now seen as vital tool in coronavirus fight ‚Å¶@thehill‚Å©  https://t.co/7UlTPdupL9,2020-06-14 23:59:32,"Cleveland, USA"
245,RT @taisonbell: Join me and @DrCameronWebb Monday on FB live 8-9pm EST for our weekly #COVID19 update. We‚Äôll be discussing things on the ho‚Ä¶,2020-06-14 23:59:32,West Virginia
246,"RT @egavactip: In Orange County, CA, very much in the midst of the pandemic, the health director resigns after death threats and the replac‚Ä¶",2020-06-14 23:59:32,Virginia
247,"RT @herbivore_club: 434,970 people have died so far from the #coronavirus (#COVID19) outbreak as of June 14th üò¢

Currently, at least 700,00‚Ä¶",2020-06-14 23:59:32,Devon
248,"RT @rhysblakely: A 70-year-old man in Seattle survived the coronavirus, got applauded by staff when he left the hospital after 62 days -- a‚Ä¶",2020-06-14 23:59:31,"Austin, TX"
249,"RT @JemilahMahmood: This is an important thread to read. Transmission of COVID19 is primarily by fit, healthy young adults. Yes the ones wh‚Ä¶",2020-06-14 23:59:31,
250,RT @Corona_Bot__: CONFIRMED: D'Vorah tests positive for Coronavirus https://t.co/glfoMGLlV3,2020-06-14 23:59:31,
251,"RT @rhysblakely: A 70-year-old man in Seattle survived the coronavirus, got applauded by staff when he left the hospital after 62 days -- a‚Ä¶",2020-06-14 23:59:31,SoCal
252,"RT @chrisprener: Short #Missouri #COVID19 evening update üßµ for Sunday, 6/14. I‚Äôve pushed updates to all metrics to the website - https://t.‚Ä¶",2020-06-14 23:59:31,"St Louis, MO"
253,"RT @DrEricDing: 15) Thus, this wealth of #COVID19 data (thanks to rigorous *contact tracing*) have taught us that we need to always erring‚Ä¶",2020-06-14 23:59:31,
254,"RT @DanRather: We shouldn‚Äôt be surprised that coronavirus remains a highly contagious infectious disease that thrives when people gather, e‚Ä¶",2020-06-14 23:59:31,South
255,RT @PoliticusSarah: The Tulsa Health Department Director is urging Trump to cancel his rally due to rising coronavirus cases in the city.‚Ä¶,2020-06-14 23:59:31,Boston
256,"RT @rhysblakely: A 70-year-old man in Seattle survived the coronavirus, got applauded by staff when he left the hospital after 62 days -- a‚Ä¶",2020-06-14 23:59:31,A Pale Blue Dot
257,https://t.co/LnbDAvfMA9 once again accepting applications for home testing for COVID19 if you live in King County.,2020-06-14 23:59:31,Seattle & all of WA
258,"RT @LutaviaCosplay: some safe tips on how to do a cosplay shoot with a photographer/in public during the covid19 pandemic: 

- don‚Äôt
- just‚Ä¶",2020-06-14 23:59:30,
259,"RT @rhysblakely: A 70-year-old man in Seattle survived the coronavirus, got applauded by staff when he left the hospital after 62 days -- a‚Ä¶",2020-06-14 23:59:30,"West Sacramento, CA"
260,RT @guardian: Coronavirus live news: Beijing enters 'extraordinary period' as it races to contain new Covid-19 outbreak https://t.co/zhZOet‚Ä¶,2020-06-14 23:59:30,Brazil
261,"RT @mattlargey: BREAKING: The Austin area saw a record 30 hospital admissions today for #COVID19. 

That moves the 7-day average above 20 a‚Ä¶",2020-06-14 23:59:30,"Austin, TX"
262,RT @business: More than 1 million Britons are falling through the cracks in the government‚Äôs coronavirus job support programs https://t.co/‚Ä¶,2020-06-14 23:59:29,"Chattanooga, TN, USA"
263,"RT @rhysblakely: A 70-year-old man in Seattle survived the coronavirus, got applauded by staff when he left the hospital after 62 days -- a‚Ä¶",2020-06-14 23:59:29,in your tv
264,RT @SAfridiOfficial: I‚Äôve been feeling unwell since Thursday; my body had been aching badly. I‚Äôve been tested and unfortunately I‚Äôm covid p‚Ä¶,2020-06-14 23:59:29,
265,"RT @CNN: The US Surgeon General urged people to wear face coverings, saying they promote freedom during the coronavirus pandemic: ""If more‚Ä¶",2020-06-14 23:59:29,"Missouri, USA"
266,RT @nytpolitics: An Ohio lawmaker was fired from his job as a physician on Thursday after asking at a hearing this week if the high rate of‚Ä¶,2020-06-14 23:59:29,Bronx NY
267,"RT @nytimes: China on Sunday reported 57 new confirmed coronavirus infections, its highest single-day tally in 2 months. One potential outb‚Ä¶",2020-06-14 23:59:29,"Vancouver, British Columbia"
268,"Did you know?

The partitions set up in front of the crowd isn't there to stop the spread of Coronavirus, it's ther‚Ä¶ https://t.co/3eNkIz6WNF",2020-06-14 23:59:29,New York City
269,RT @blairmcdougall: A report has suggested today that half of coronavirus deaths could have been prevented had we locked down earlier. The‚Ä¶,2020-06-14 23:59:29,Glasgow
270,RT @CuppRunGirl: Coronavirus seems to do fine in heat and humidity.,2020-06-14 23:59:29,
271,"RT @rhysblakely: A 70-year-old man in Seattle survived the coronavirus, got applauded by staff when he left the hospital after 62 days -- a‚Ä¶",2020-06-14 23:59:29,O-H-I-O
272,"RT @DealinRugs: Starbucks is closing 400 stores because of loss of sales due to coronavirus

White girls: https://t.co/Fjr1oqUOO3",2020-06-14 23:59:28,
273,RT @MrAndyNgo: An antifa writer and influencer is encouraging lawlessness during the Wuhan coronavirus panic. San Francisco-based communist‚Ä¶,2020-06-14 23:59:28,California 
274,"RT @JemilahMahmood: This is an important thread to read. Transmission of COVID19 is primarily by fit, healthy young adults. Yes the ones wh‚Ä¶",2020-06-14 23:59:28,
275,"RT @RichardVeii: Bam!! And just like that, the virus is back and low and behold, that bad old Chinese virus is in the same city Trump is ho‚Ä¶",2020-06-14 23:59:28,"TrumpTrain, USA"
276,Coronavirus survivors: I started a support group to fill a medical information gap - Vox https://t.co/MPvQXvEk7P,2020-06-14 23:59:28,North Jersey/NYC area
277,RT @guardian: Coronavirus live news: Beijing enters 'extraordinary period' as it races to contain new Covid-19 outbreak https://t.co/zhZOet‚Ä¶,2020-06-14 23:59:28,Delhi 
278,"Infectious-disease expert warns of potential health risks at Trump rally https://t.co/tLA0DniY4Y

Not good for them -- or us.",2020-06-14 23:59:28,United States
279,RT @dfwagoner: ‚ÄúThe main danger is in exercising outdoors with others because the tendency is to pile into a car to get to the trailhead‚Äù.‚Ä¶,2020-06-14 23:59:28,"Atlanta, GA"
280,RT @normanswan: Got to keep the bullshit meter on high. How Utah‚Äôs Tech Industry Tried to Disrupt Testing for the Coronavirus https://t.co/‚Ä¶,2020-06-14 23:59:27,Australia & UK
281,RT @PippaCrerar: ‚Å¶Former chief prosecutor ‚Å¶@nazirafzal‚Å© - whose brother Umar died from coronavirus in April while Dominic Cummings was 260‚Ä¶,2020-06-14 23:59:27,University of Notre Dame
282,"@Paul_Is_Muadib @MalcolmNance @tinyboo49 117 thousand lives 2b accurate 
&amp; rest assured it's at least double that d‚Ä¶ https://t.co/H2asyQlvXZ",2020-06-14 23:59:27,
283,China keeps making itself look worse as coronavirus pandemic continues to¬†spread https://t.co/ZD8ElgKTlu,2020-06-14 23:59:27,Montana
284,I‚Äôm watching #Billions and this dude just made a reference to coronavirus being ships and spreading.. üò≥ü§î,2020-06-14 23:59:27,Antarctica
285,¬ª The bullet and the virus - BBC News https://t.co/kgtKKb9ktB,2020-06-14 23:59:27,Canada
286,"RT @WGNNews: More than 40,000 cruise ship workers are still stuck at sea three months after the industry shut down because of concerns abou‚Ä¶",2020-06-14 23:59:27,"Chicago, Illinois, USA"
287,"#Travel - Yes, my first coronavirus flight was anxiety inducing, but it wasn't all bad - https://t.co/QfkCTK6ayJ‚Ä¶ https://t.co/TchzkBk9pz",2020-06-14 23:59:27,Around The World
288,"RT @aubrey_huff: #coronavirus has taught me that @NFL, @espn, actors, &amp; entertainers are nonessential.",2020-06-14 23:59:27,"Broken Arrow, OK"
289,RT @DrDenaGrayson: üö®Scientists in #Japan found that people between the ages of 20-39 years old were the primary source of 50% of #coronavir‚Ä¶,2020-06-14 23:59:27,
290,"RT @DenbrotS: DeSantis Makes Florida Lie About Its COVID Death Statistics

FDLE releases list of COVID-19 deaths. Top medical examiner call‚Ä¶",2020-06-14 23:59:27,
291,"RT @rhysblakely: A 70-year-old man in Seattle survived the coronavirus, got applauded by staff when he left the hospital after 62 days -- a‚Ä¶",2020-06-14 23:59:27,
292,"RT @Shirastweet: #CyberSecurity professionals have been working harder &amp; longer hours due to this #pandemic #coronavirus
https://t.co/Kemby‚Ä¶",2020-06-14 23:59:26,"Dallas, TX"
293,RT @gregmortenson: üá¶üá´ #Afghanistan all schools will remain closed until September to prevent the spread of coronavirus. Schools were closed‚Ä¶,2020-06-14 23:59:26,
294,"RT @RealJamesWoods: Cuomo threatens to shut down Manhattan, Hamptons again if coronavirus social-distancing rules broken // This genius mus‚Ä¶",2020-06-14 23:59:26,"Mississippi, USA"
295,"RT @Reuters: More U.S. states, including Florida and Texas, are experiencing record-breaking levels of coronavirus cases and hospitalizatio‚Ä¶",2020-06-14 23:59:26,"Near Santa Fe, Nm"
296,RT @LeslieCidale: Governor #DougDucey thinks the way through a #pandemic is to ‚Äòlearn to live with the virus‚Äò. Expect a lot more death in #‚Ä¶,2020-06-14 23:59:26,Canada
297,Today China has reported 57 confirmed coronavirus cases. They haven‚Äôt seen this many new cases in one day for over‚Ä¶ https://t.co/ja1gQ4PkIL,2020-06-14 23:59:26,"austin, tx"
298,"With President Donald Trump's rally in Tulsa, Okla., less than a week away, health experts warned that the indoor v‚Ä¶ https://t.co/y9etuDiC6J",2020-06-14 23:59:26,"Laredo, Texas"
299,Dis is cause 4 concern. Many really don't take distancing seriously n its scary. Seen it. @KKMPutrajaya‚Ä¶ https://t.co/UeWFFgDgDa,2020-06-14 23:59:26,Malaysia/ Asia/Europe/USA
300,RT @tmprowell: The US has performed its first double lung transplant for lung damage caused by #COVID19. The recipient is a 20 yr old woman‚Ä¶,2020-06-14 23:59:26,"Louisville, KY"
301,RT @nytimes: Brazil's daily coronavirus death toll is now the highest in the world. Experts say President Jair Bolsonaro's rejection of the‚Ä¶,2020-06-14 23:59:26,
302,RT @BreakinNewz01: #California - Several thousand people turned out today for an anti-racism solidarity march from Hollywood to West Hollyw‚Ä¶,2020-06-14 23:59:26,"Boston/Mattapan, MA"
303,RT @Telegraph: A man has filed the first lawsuit against the Chinese government that seeks restitution for its cover-up of the coronavirus‚Ä¶,2020-06-14 23:59:26,
304,"RT @HanianEmpress: Please if protesting remember COVID19 is still out there.

I agree with the reasons for protesting but please stay safe.‚Ä¶",2020-06-14 23:59:25,
305,"RT @rhysblakely: A 70-year-old man in Seattle survived the coronavirus, got applauded by staff when he left the hospital after 62 days -- a‚Ä¶",2020-06-14 23:59:25,"Westland, MI"
306,"RT @SamoneBlair: ‚ÄúThis governor [@GovRonDeSantis] has painted a very rosy picture of the unemployment process, blaming the people of Florid‚Ä¶",2020-06-14 23:59:25,Pensacola Florida 
307,"RT @therecount: As COVID-19 continues to kill 800-1,000 Americans a day, Florida has become a new hotspot.

Let‚Äôs look at the state‚Äôs recen‚Ä¶",2020-06-14 23:59:25,"Sometimes WI, sometimes AR"
308,"RT @Greenpeace: Right now, 20,000+ illegal gold miners are responsible for the spread of #COVID19 in #Yanomami territory. Join the Yanomami‚Ä¶",2020-06-14 23:59:25,"London, UK"
309,"RT @derekjames150: I regularly compare what's going on in the UK with Italy, Spain, France and Germany. I can tell you this. They're gettin‚Ä¶",2020-06-14 23:59:25,Wiltshire
310,RT @KellyO: The president‚Äôs just announced campaign rally for Oklahoma includes a liability waiver in the registration for rally attendees‚Ä¶,2020-06-14 23:59:24,"UK and Australia. Occazionally in Canada, New Zealand and USA."
311,"RT @Hephaestus7: ¬ª Coronavirus: Consumers ""should ignore that pile of bodies over in the corner and shop with confidence"", says PM - BBC Ne‚Ä¶",2020-06-14 23:59:24,"England, United Kingdom"
312,RT @perlmutations: Remember when it used to matter how many Americans were dying from the coronavirus? There‚Äôs so much shit swirling around‚Ä¶,2020-06-14 23:59:24,"Houston, TX"
313,"RT @RealJamesWoods: Cuomo threatens to shut down Manhattan, Hamptons again if coronavirus social-distancing rules broken // This genius mus‚Ä¶",2020-06-14 23:59:24,"Covington, LA"
314,"RT @QuickTake: This weekend marks the first time in more than 2 months, that crowds have returned to Miami‚Äôs beaches. 

This comes as Flori‚Ä¶",2020-06-14 23:59:24,"Abuja, Nigeria"
315,"RT @RealJamesWoods: Cuomo threatens to shut down Manhattan, Hamptons again if coronavirus social-distancing rules broken // This genius mus‚Ä¶",2020-06-14 23:59:24,FL
316,"RT @A5KEM: **Friends Your help is desperately needed *
My lung collapsed due to COVID19 and nearly died, I am slowly  recovering  but facin‚Ä¶",2020-06-14 23:59:24,"Los Angeles, CA"
317,"RT @ChrisMosser: 30 new local COVID-related hospitalizations reported tonight, and Austin hits Stage 4 restrictions for the first time. Awa‚Ä¶",2020-06-14 23:59:24,Central Texas
318,"RT @OtherHalf2020: I hope the Simpsons won't fail us.
#TrumpIsNotWell #COVID19 https://t.co/BRTd2RkQKm",2020-06-14 23:59:24,Hong Kong
319,"@Su_Panov @Travisdhanraj Why western countries are not taking this seriously, no masks at all. Why? Do they actuall‚Ä¶ https://t.co/JzKg4gXJMT",2020-06-14 23:59:24,"Toronto, Ontario"
320,@Join_ZOE @hughbon @timspector Thank you! I will take a look at this. We need to take some more proactive measures‚Ä¶ https://t.co/uYxB7JMANZ,2020-06-14 23:59:24,"Chapel Hill, NC"
321,#covid19 https://t.co/kRldsN1N5D  stay home.,2020-06-14 23:59:23,
322,"RT @rhysblakely: A 70-year-old man in Seattle survived the coronavirus, got applauded by staff when he left the hospital after 62 days -- a‚Ä¶",2020-06-14 23:59:23,
323,"RT @JemilahMahmood: This is an important thread to read. Transmission of COVID19 is primarily by fit, healthy young adults. Yes the ones wh‚Ä¶",2020-06-14 23:59:23,
324,"RT @RealJamesWoods: Cuomo threatens to shut down Manhattan, Hamptons again if coronavirus social-distancing rules broken // This genius mus‚Ä¶",2020-06-14 23:59:23,Cape Coral Fl
325,"RT @PeterHotez: Here's what I told @HoustonChron @LisaGray_HouTX April 21: ""There's no point in opening up the economy prematurely without‚Ä¶",2020-06-14 23:59:23,"Florida, USA"
326,RT @EdmJbg: @WhteRbbnAdvocat Melbourne school #CORONA Pakenham Springs Primary School has closed for a deep clean on Monday and close conta‚Ä¶,2020-06-14 23:59:23,"Gawler, South Australia"
327,RT @CBCCanada: 90 Canadian troops to leave for Ukraine as military looks to resume mission https://t.co/ndzv1dinjC https://t.co/FoW0mpcV8p,2020-06-14 23:59:22,
328,"RT @DEBKANCHAN: world grapples with COVID-19, the Chinese military has¬†provoked¬†border¬†flare-ups¬†with India and attempted to¬†police the wat‚Ä¶",2020-06-14 23:59:22,
329,"RT @dunefiIm: i recently wrote about yemen for my final in my global issues class, so here are a few facts about yemen‚Äôs humanitarian crisi‚Ä¶",2020-06-14 23:59:22,üáÆüáπ/üá¨üáß/üá©üá∞ OK
330,"Computex 2020 is officially canceled https://t.co/ZivrEJa2t4 Photo by Vlad Savov / The Verge

  After initially pos‚Ä¶ https://t.co/3RhU9Ky7pS",2020-06-14 23:59:22,
331,"RT @rbalsaud: ""I continued to perform my duties, because my job as a doctor is humanitarian."" Said #Saudi nephrologist Dr. Nawf AlGoblan, a‚Ä¶",2020-06-14 23:59:22,"Washington, DC"
332,"RT @kerpen: California coronavirus surge tied to increase in testing, not reopening businesses, official says https://t.co/Tb54pFwQKV",2020-06-14 23:59:22,"Marquette, MI"
333,"RT @drdagly: Dear #yeg,

After a lovely hiatus I am saddened to report that #COVID19 has returned to our ICU. Our patient is young and was‚Ä¶",2020-06-14 23:59:22,Cowichan Valley
334,"RT @DrEricDing: FLORIDA is on fire - sets a new all time daily record - 2,581 new #covid19 cases on Saturday. Perfect time for a 15,000-per‚Ä¶",2020-06-14 23:59:22,"Portland, Oregon, USA"
335,"RT @TheIsraelLaryea: Fellow Ghanaians, the #COVID19 website has now been updated with the case count for Ghana announced by President Akuff‚Ä¶",2020-06-14 23:59:21,"Kumasi, Ghana"
336,"After Letting Rioters Loot New York City, Gov. Cuomo Threatens Hipster Street Party Over Coronavirus‚Ä¶ https://t.co/wlnPEVwUtX",2020-06-14 23:59:21,Texas/SE Asia
337,"RT @WSJ: Caring for demonstrators requires greater focus on masks, hand washing to prevent spread of coronavirus.",2020-06-14 23:59:21,
338,"RT @healthgovau: We all need to take personal responsibility to stay safe. To be #COVIDSafe: 
- Physically distance 
- Avoid crowds 
- Prac‚Ä¶",2020-06-14 23:59:21,Queensland
339,"RT @DrewHolden360: Coronavirus is canceled, sorry guys, we‚Äôre done with the distancing thing",2020-06-14 23:59:21,
340,RT @globaltimesnews: The global seafood industry is to sustain a temporary blow after the latest #coronavirus outbreak Beijing's Fengtai Di‚Ä¶,2020-06-14 23:59:20,1407 Graymalkin Ln
341,"RT @nytopinion: It‚Äôs not that the leaders who best managed the virus were all women, writes @NickKristof, but those who bungled the respons‚Ä¶",2020-06-14 23:59:20,
342,RT @QmpMp7713626869: Well well well!! Share the shit out of this!! Let‚Äôs wake people up!!! I can‚Äôt wait to share this with my family and fr‚Ä¶,2020-06-14 23:59:20,
343,"RT @RealJamesWoods: Cuomo threatens to shut down Manhattan, Hamptons again if coronavirus social-distancing rules broken // This genius mus‚Ä¶",2020-06-14 23:59:20,
344,RT @RebelPeace1: @ActieTD @TomBrow38006074 @senior_debra @SylviaB05413603 @TaylorShone @MarleyMarilyn @animalsvoice4 @TheLastAesir @Somberg‚Ä¶,2020-06-14 23:59:20,
345,RT @DrDenaGrayson: üö®Scientists in #Japan found that people between the ages of 20-39 years old were the primary source of 50% of #coronavir‚Ä¶,2020-06-14 23:59:20,"California, USA"
346,RT @Laurie_Garrett: Bloody awful #COVID19 catastrophe unfolding in the #Amazon .,2020-06-14 23:59:20,
347,"RT @RealJamesWoods: Cuomo threatens to shut down Manhattan, Hamptons again if coronavirus social-distancing rules broken // This genius mus‚Ä¶",2020-06-14 23:59:20,Grimsby 
348,"RT @scott_satzer: We buried Grandma today.

I didn't go, because we still had Covid19 restrictions on crowds and such, so it was just my au‚Ä¶",2020-06-14 23:59:19,"Groton, CT"
349,"RT @rhysblakely: A 70-year-old man in Seattle survived the coronavirus, got applauded by staff when he left the hospital after 62 days -- a‚Ä¶",2020-06-14 23:59:19,everywhere
350,RT @PoliticusSarah: The Tulsa Health Department Director is urging Trump to cancel his rally due to rising coronavirus cases in the city.‚Ä¶,2020-06-14 23:59:19,Home
351,"RT @StateHealthIN: Starting tomorrow, #Indiana is opening @Optum-operated sites to ANY Hoosier who wants to get tested for #COVID19.

‚úÖ Sym‚Ä¶",2020-06-14 23:59:19,Indianapolis
352,"RT @RealJamesWoods: Cuomo threatens to shut down Manhattan, Hamptons again if coronavirus social-distancing rules broken // This genius mus‚Ä¶",2020-06-14 23:59:19,"Ottawa, Ontario"
353,"RT @DanRather: We shouldn‚Äôt be surprised that coronavirus remains a highly contagious infectious disease that thrives when people gather, e‚Ä¶",2020-06-14 23:59:19,"Houston, TX"
354,RT @kyodo_english: Prime Minister Shinzo Abe says that higher temperatures in the summer are unlikely to slow the transmission of the novel‚Ä¶,2020-06-14 23:59:19,"Downtown Jacksonville, FL"
355,"I am an American, who likes the UK. Since Brexit, even more. Especially now we are on the brink of a trade deal and‚Ä¶ https://t.co/AKqBlG3aC4",2020-06-14 23:59:19,"Il, USA"
356,"Before Catching Coronavirus, Some People‚Äôs Immune Systems Are Already Primed to Fight It  https://t.co/qpdyG73l4l",2020-06-14 23:59:19,
357,"RT @redsteeze: Thanks to Democrats and media, no one is going to take lockdowns seriously anymore, nor should they. My latest at @Spectator‚Ä¶",2020-06-14 23:59:18,"Los Angeles, CA"
358,"RT @Angela201045315: Think about melinda Gates predictions and take responsibility for own safety. 
Covid19 don knack our Land. 
Bha kai eh‚Ä¶",2020-06-14 23:59:18,
359,RT @WajahatAli: We've been in lockdown since late February. We have an immuno-compromised daughter who survived Stage 4 cancer this year. F‚Ä¶,2020-06-14 23:59:18,United States
360,RT @DrDenaGrayson: ‚ö†Ô∏èParts of #Beijing locked down in ‚Äúwartime emergency mode‚Äù after 45 of 517 workers (8.7%) at its largest wholesale food‚Ä¶,2020-06-14 23:59:18,PNW-Portland to Bellingham
361,"RT @YourAnonCentral: Despite #COVID19, Mexican Women Are Fighting Femicide. On average, 10 women were killed per day in Mexico; the figure‚Ä¶",2020-06-14 23:59:17,
362,RT @BardellTaylor: Hi everyone! @MatthewUrichuk and I are making face masks with clear 'smile panels' to donate to local businesses in orde‚Ä¶,2020-06-14 23:59:17,"ottawa, ontario"
363,"RT @nytimes: China on Sunday reported 57 new confirmed coronavirus infections, its highest single-day tally in 2 months. One potential outb‚Ä¶",2020-06-14 23:59:17,
364,"RT @TimesFreePress: ""The whole thing has just been overwhelming.""

Chattanooga nurses and hospital staff share what it's like being on the‚Ä¶",2020-06-14 23:59:17,"Chattanooga, TN"
365,RT @ewarren: Remember: Steve Mnuchin is refusing to disclose which companies received more than $500 billion in taxpayer funds. Americans d‚Ä¶,2020-06-14 23:59:17,"Dayton, OR"
366,"RT @CNN: The US Surgeon General urged people to wear face coverings, saying they promote freedom during the coronavirus pandemic: ""If more‚Ä¶",2020-06-14 23:59:17,"Los Angeles, CA"
367,RT @ImperiumPress: Sites like https://t.co/2Tv4JBf4RY will no longer exist inside of a decade--they pose too great a threat to liberalism.‚Ä¶,2020-06-14 23:59:17,"Hell, MI"
368,"RT @SpectatorUSA: ""Are you ready for the second blame wave? As the country braces itself for an inevitable repeat surge in COVID-19 infecti‚Ä¶",2020-06-14 23:59:17,United States
369,"RT @rhysblakely: A 70-year-old man in Seattle survived the coronavirus, got applauded by staff when he left the hospital after 62 days -- a‚Ä¶",2020-06-14 23:59:17,
370,"RT @TheDemocrats: #COVID19 impacts everyone, everywhere, but not all communities are impacted equally. Black and Latino communities are har‚Ä¶",2020-06-14 23:59:16,"Brooklyn, NY"
371,"RT @rhysblakely: A 70-year-old man in Seattle survived the coronavirus, got applauded by staff when he left the hospital after 62 days -- a‚Ä¶",2020-06-14 23:59:16,"Milwaukee, WI"
372,"RT @nytimes: In Opinion

""If the United States had the coronavirus death rate of the average female-led country, 102,000 American lives wou‚Ä¶",2020-06-14 23:59:16,"Dallas, TX"
373,Ford re-evaluates office space in coronavirus world https://t.co/Sg9xX8hmEm via @ETAuto,2020-06-14 23:59:16,"Rancho Mirage, CA"
374,RT @NPR: Rebekah Jones says she was fired from her job at the Florida Health Department for refusing to manipulate data on its coronavirus‚Ä¶,2020-06-14 23:59:16,
375,RT @Reuters: French coronavirus 24-hour death toll under 30 for fifth day https://t.co/IaNEYxsoea https://t.co/mE6dqvwEDG,2020-06-14 23:59:16,S√£o Paulo
376,"@brettdrc @Helena_Wish Been researching a SARS vaccine since 2004
without success

SARS is also a coronavirus

Need‚Ä¶ https://t.co/TQO0ZOGi5U",2020-06-14 23:59:16,"Delta, British Columbia"
377,"New York says it's 'tamed the beast' of coronavirus while some states see record hospitalizations
https://t.co/ZhIiCMSHo9.",2020-06-14 23:59:16,United States
378,"RT @notcapnamerica: BREAKING: Arizona‚Äôs infection rate is now three times that of New York State. 

#COVID19 https://t.co/ab964LrBJ8",2020-06-14 23:59:16,California
379,"RT @redsteeze: Hi Andy, give this a read. 
https://t.co/W6Nt0IUTxJ",2020-06-14 23:59:16,Lake County OHIO
380,"RT @wusf: Rebekah Jones was fired last month from her job at the Florida Department of Health, where she helped create a data portal about‚Ä¶",2020-06-14 23:59:15,"St. Charles, Missouri"
381,RT @ANI: A 56-year-old Indian Revenue Service (IRS) officer allegedly committed suicide by ingesting acid in his car in Dwarka over fear of‚Ä¶,2020-06-14 23:59:15,"‡§ï‡•Å‡§∂‡•Ä‡§®‡§ó‡§∞(‡§â‡§§‡•ç‡§§‡§∞ ‡§™‡•ç‡§∞‡§¶‡•á‡§∂), ‡§¨‡•à‡§Ç‡§ó‡§≤‡•ã‡§∞"
382,"RT @jakeadelstein: The government of Japan seeks scapegoats for COVID19 infections
The media helps. 
For a while, the news focussed on airp‚Ä¶",2020-06-14 23:59:15,"Yamato-shi, Kanagawa"
383,"I see EOT is still at it with their jabs at the online secular community. At this point, it wouldn't be all that su‚Ä¶ https://t.co/1FaYkJqZKo",2020-06-14 23:59:15,
384,"RT @TheDemocrats: #COVID19 impacts everyone, everywhere, but not all communities are impacted equally. Black and Latino communities are har‚Ä¶",2020-06-14 23:59:15,Los Angeles County
385,#Eritrea'n regime's consistent lack of transparency has corroded our trust. Over the years we have learned to be re‚Ä¶ https://t.co/e0rqwxiymk,2020-06-14 23:59:15,"Athens, OH"
386,RT @FIP_org: #SafeBloodSavesLives is the focus of #WorldBloodDonorDay today. @WHO is encouraging more people to #donate because safe blood‚Ä¶,2020-06-14 23:59:15,Nigeria
387,"RT @rhysblakely: A 70-year-old man in Seattle survived the coronavirus, got applauded by staff when he left the hospital after 62 days -- a‚Ä¶",2020-06-14 23:59:15,Crying
388,@TweeterSuch @AbraarKaran All I have is the original post. https://t.co/luozRUwc0E,2020-06-14 23:59:14,"Texas, USA"
389,Perfect example of companies using the pandemic as an excuse to plead poverty in order to get richer: @vons is now‚Ä¶ https://t.co/TjeE16Q3t7,2020-06-14 23:59:14,"San Diego, CA"
390,"RT @frntofficesport: New Zealand, which has had no active coronavirus cases in three weeks and only 22 deaths in total, welcomed back sport‚Ä¶",2020-06-14 23:59:14,Heaven or Hell
391,RT @saifedean: Three weeks of protests in Minneapolis and no spike in cases. Anybody who thinks social distancing is necessary or useful is‚Ä¶,2020-06-14 23:59:14,"New York, USA"
392,"Tulsa Health Department Urges  @realDonaldTrump To Cancel His Rally - Trump is so despicable, he doesn‚Äôt care if he‚Ä¶ https://t.co/qJEJ0O9kKd",2020-06-14 23:59:14,"Pennsylvania, USA"
393,"RT @JemilahMahmood: This is an important thread to read. Transmission of COVID19 is primarily by fit, healthy young adults. Yes the ones wh‚Ä¶",2020-06-14 23:59:14,"Branford, CT"
394,RT @DrDenaGrayson: üö®Scientists in #Japan found that people between the ages of 20-39 years old were the primary source of 50% of #coronavir‚Ä¶,2020-06-14 23:59:14,"Reno, NV"
395,"""Airline passengers brought #COVID-19 into LAX in March ‚Äî and no one warned the public"" #Coronavirus https://t.co/KbukPlSLoQ",2020-06-14 23:59:13,Maryland
396,RT @__Jailan: The United States of America should be deeply ashamed in how they handled the coronavirus.,2020-06-14 23:59:13,sleep
397,RT @60Minutes: One challenge of opening UNC Chapel Hill‚Äôs campus to students and faculty amid coronavirus is preventing students from congr‚Ä¶,2020-06-14 23:59:13,"North Carolina, USA"
398,"RT @resistbot: ‚ÄúThis Pride Month, amid the backdrop of the global coronavirus pandemic, we‚Äôre recognizing 12 LGBTQ people contributing to t‚Ä¶",2020-06-14 23:59:13,Global 
399,"RT @HNTurtledove: Trump and bull--they naturally go together.

#COVID__19 #COVID19 #Covid_19 #coronavirus #pandemic #TrumpWearsAdultDiapers‚Ä¶",2020-06-14 23:59:13,Out There Somewhere
400,"RT @GavinLeeBBC: Rafael Gomez #Nieto, the last surviving member of the #LaNeuve unit of Spanish civil war vets that helped liberate Nazi-oc‚Ä¶",2020-06-14 23:59:13,
401,RT @catturd2: @dcexaminer It‚Äôs okay - we‚Äôll just declare it a riot and it‚Äôll be immune from the coronavirus.,2020-06-14 23:59:13,Alabama
402,"RT @shahwank: VIP challenge we pass through #COVID19 is who are we not giving the necessary care or attention to? Elderly, Children, Women,‚Ä¶",2020-06-14 23:59:13,"San Jose, CA"
403,"RT @zakiscorner: Healthy lungs on the left, the COVID-infected lung of a 20-year-old on the right. Take this shit seriously, folks. https:/‚Ä¶",2020-06-14 23:59:13,
404,I really wish my body would stop shaking. They wouldn‚Äôt send the prescription electronically and now I have no medi‚Ä¶ https://t.co/GRBTiNUSuz,2020-06-14 23:59:13,"West Palm Beach, FL"
405,RT @ANI: A 56-year-old Indian Revenue Service (IRS) officer allegedly committed suicide by ingesting acid in his car in Dwarka over fear of‚Ä¶,2020-06-14 23:59:13,Gurgaon
406,"RT @RealJamesWoods: Cuomo threatens to shut down Manhattan, Hamptons again if coronavirus social-distancing rules broken // This genius mus‚Ä¶",2020-06-14 23:59:13,
407,"RT @CatalinaLauf: There is a big difference between rational measures during an unprecedented time. However, the total control and attempt‚Ä¶",2020-06-14 23:59:12,"Queens, NY"
408,"RT @rhysblakely: A 70-year-old man in Seattle survived the coronavirus, got applauded by staff when he left the hospital after 62 days -- a‚Ä¶",2020-06-14 23:59:12,"Perth, Western Australia"
409,Here we go again. #COVID19 https://t.co/6fOF3VpjQK,2020-06-14 23:59:12,Toronto
410,My former PhD advisor is working on drug targets for COVID!! I think this is the first time in 5 years I really mis‚Ä¶ https://t.co/7UmkoBRoOn,2020-06-14 23:59:12,"Oxford, PA"
411,RT @JudicialWatch: ‚Äú#Coronavirus doesn‚Äôt give politicians a pass to violate the law. If politicians want to use tax money from law-abiding‚Ä¶,2020-06-14 23:59:12,
412,"RT @PeterHotez: I have a new ""instant book"" available from @JHUPress (Project Muse):  
POVERTY &amp; THE IMPACT OF COVID19: THE BLUE MARBLE HEA‚Ä¶",2020-06-14 23:59:12,"Austin, TX"
413,RT @latimes: Two long-haul flights into Los Angeles International Airport in March each included a person who later was found to have COVID‚Ä¶,2020-06-14 23:59:12,"Los Angeles, CA"
414,@AStuttaford Cuomo made no effort to have social distancing enforced during the many protests that took place in th‚Ä¶ https://t.co/LfKaPL9Osx,2020-06-14 23:59:12,"Bronx, New York"
415,"Record spikes in new coronavirus cases, hospitalizations sweep parts of U.S.
https://t.co/pdmT15PrRv",2020-06-14 23:59:12,United States
416,"RT @RealJamesWoods: Cuomo threatens to shut down Manhattan, Hamptons again if coronavirus social-distancing rules broken // This genius mus‚Ä¶",2020-06-14 23:59:12,
417,"It's hard to separate, but while there are some people who insist on being cretins about things like wearing a mask‚Ä¶ https://t.co/nmX2DAxa9x",2020-06-14 23:59:11,Massachusetts
418,"RT @rhysblakely: A 70-year-old man in Seattle survived the coronavirus, got applauded by staff when he left the hospital after 62 days -- a‚Ä¶",2020-06-14 23:59:11,Valhalla 
419,"RT @DarrenEuronews: Top 5 countries üåç with highest number of #coronavirus cases

1. üá∫üá∏ USA (Trump)
2. üáßüá∑ Brazil (Bolsonaro)
3. üá∑üá∫ Russia (P‚Ä¶",2020-06-14 23:59:11,
420,RT @potatosalod: Just tested positive for coronavirusüòäüôè Blessed,2020-06-14 23:59:11,
421,RT @ZShamsuna: The Hon. Minister @ZShamsuna featured on NTA Networks ‚ÄòGood Morning Nigeria‚Äô on topic ‚Äú5 years Buhari Administration: Focus‚Ä¶,2020-06-14 23:59:11,
422,"RT @MattHancock: Yesterday, across the UK, only 36 deaths were recorded with coronavirus - the lowest since 21 March. 

We are winning the‚Ä¶",2020-06-14 23:59:11,United Kingdom
423,"@jamesdark44 @CP24 They‚Äôre a fucking news channel reporting about global coronavirus cases. Get over it, everyone k‚Ä¶ https://t.co/jyohjxHB8r",2020-06-14 23:59:11,Canada üá®üá¶
424,"RT @kerpen: California coronavirus surge tied to increase in testing, not reopening businesses, official says https://t.co/Tb54pFwQKV",2020-06-14 23:59:11,Depends on the day
425,"RT @YourAnonCentral: Despite #COVID19, Mexican Women Are Fighting Femicide. On average, 10 women were killed per day in Mexico; the figure‚Ä¶",2020-06-14 23:59:11,"M√©xico, Monterrey"
426,"RT @RealJamesWoods: Cuomo threatens to shut down Manhattan, Hamptons again if coronavirus social-distancing rules broken // This genius mus‚Ä¶",2020-06-14 23:59:11,SOUTH Carolina Patriot
427,"RT @ABC: As coronavirus cases surge in Latin America, the Colombian city of Medellin is defying expectations and managing to keep numbers r‚Ä¶",2020-06-14 23:59:10,Everywhere
428,"RT @YourAnonCentral: Despite #COVID19, Mexican Women Are Fighting Femicide. On average, 10 women were killed per day in Mexico; the figure‚Ä¶",2020-06-14 23:59:10,
429,"June 15 Monday #CoronaVirusUpdates in #China: CDC reported 49 new #COVID19 cases on Sun, within which 36 in‚Ä¶ https://t.co/jfpVTO4ItM",2020-06-14 23:59:10,Beijing
430,RT @DoctorJanette: Three #coronavirus vaccine candidates are set to begin final trials this summer. I shared this exciting news on @FoxFrie‚Ä¶,2020-06-14 23:59:10,
431,"RT @rhysblakely: A 70-year-old man in Seattle survived the coronavirus, got applauded by staff when he left the hospital after 62 days -- a‚Ä¶",2020-06-14 23:59:10,
432,"RT @linessue: Today is International Cleaners Day, this is our #Senate motion thanking all Cleaners &amp; especially Parliament House Cleaners‚Ä¶",2020-06-14 23:59:10,"Adelaide, South Australia"
433,"RT @rhysblakely: A 70-year-old man in Seattle survived the coronavirus, got applauded by staff when he left the hospital after 62 days -- a‚Ä¶",2020-06-14 23:59:10,"Colorado, USA"
434,"RT @Foucault_News: From Canada to Russia, every government is being selective in releasing coronavirus data¬†(2020) https://t.co/rcZNozrDBP",2020-06-14 23:59:10,
435,"RT @catturd2: Remember y'all ... just watch. 

With all the huge riots and protests, in all the big Democrat cities, all across the USA - T‚Ä¶",2020-06-14 23:59:09,KAG
436,"RT @Andy: While protesting around the country, let‚Äôs also take care and be pro-testing for COVID-19. @COREResponse is operating free testin‚Ä¶",2020-06-14 23:59:09,
437,RT @larry_levitt: Why what's happening in a state like Arizona is so concerning: The number of new confirmed infections is going up rapidly‚Ä¶,2020-06-14 23:59:09,"Hilo, Hawaii"
438,"@muhdxaiman @MRTMalaysia JOIN ME NOW
Malaysia Life&amp;Medical Insurance business!

üòä Start with any1 you know in Malay‚Ä¶ https://t.co/aY77IzWSvc",2020-06-14 23:59:09,Malaysia
439,RT @latimes: Two long-haul flights into Los Angeles International Airport in March each included a person who later was found to have COVID‚Ä¶,2020-06-14 23:59:09,"Los Angeles, Ca."
440,RT @jilevin: Tulsa Health Director Wishes Trump Would Postpone Rally as Coronavirus Cases Rise https://t.co/Q5gMohJ3KC,2020-06-14 23:59:09,"London, Englandüá¨üáß"
441,RT @DrDenaGrayson: üö®Scientists in #Japan found that people between the ages of 20-39 years old were the primary source of 50% of #coronavir‚Ä¶,2020-06-14 23:59:09,
442,"RT @UN: #COVID19: As the pandemic spreads further in the global south, new projections estimate global economic contraction of 8%, pushing‚Ä¶",2020-06-14 23:59:09,"Ottawa, Ontario, Canada"
443,RT @guardian: Coronavirus live news: Beijing enters 'extraordinary period' as it races to contain new Covid-19 outbreak https://t.co/zhZOet‚Ä¶,2020-06-14 23:59:08,"Kota Kinabalu, Sabah"
444,RT @Wyn1745: Tucker Carlson: We were lied to about #COVID19 and the mass #lockdowns; We were all played. Corrupt politicians scared us into‚Ä¶,2020-06-14 23:59:08,
445,"RT @DanRather: We shouldn‚Äôt be surprised that coronavirus remains a highly contagious infectious disease that thrives when people gather, e‚Ä¶",2020-06-14 23:59:08,"Tokyo, Japan"
446,"RT @CNN: The US Surgeon General urged people to wear face coverings, saying they promote freedom during the coronavirus pandemic: ""If more‚Ä¶",2020-06-14 23:59:08,"California, USA"
447,"RT @RealJamesWoods: Cuomo threatens to shut down Manhattan, Hamptons again if coronavirus social-distancing rules broken // This genius mus‚Ä¶",2020-06-14 23:59:08,
448,"RT @IrexitFreedom: Our ChairWoman Professor Dolores Cahill has more expertise,experience and qualifications around #Covid19 than the entire‚Ä¶",2020-06-14 23:59:08,Yorkshire & Derbyshire.
449,"RT @RCCGworldwide: #Prayer Almighty Father, by the power of the Holy Spirit, heal everyone with coronavirus that enters Your Church. Let th‚Ä¶",2020-06-14 23:59:08,
450,RT @Reuters: French coronavirus 24-hour death toll under 30 for fifth day https://t.co/IaNEYxsoea https://t.co/mE6dqvwEDG,2020-06-14 23:59:08,#KTBFFH #UpTheChels
451,RT @PoliticusSarah: The Tulsa Health Department Director is urging Trump to cancel his rally due to rising coronavirus cases in the city.‚Ä¶,2020-06-14 23:59:08,
452,"RT @velocespeedwear: How to Stay Safe as National Parks Reopen 

https://t.co/bDBBsIF5Gn

#nationalparks #outsideisfree #run #ride #walk #h‚Ä¶",2020-06-14 23:59:08,United States
453,RT @PlayBoiMartiii: Me looking at the coronavirus second wave numbers https://t.co/2q80bWOp13,2020-06-14 23:59:08,"San Giovanni Gemini, Sicilia"
454,"More than 40,000 cruise ship workers are still stuck at sea three months after the industry shut down because of co‚Ä¶ https://t.co/d5vHjssN4a",2020-06-14 23:59:08,"Chicago, IL"
455,RT @DrDenaGrayson: üö®Scientists in #Japan found that people between the ages of 20-39 years old were the primary source of 50% of #coronavir‚Ä¶,2020-06-14 23:59:08,Northern VA & Washington DC
456,"RT @NBCNews: When coronavirus closed schools, some Detroit students went missing from class. These educators had to find them. https://t.co‚Ä¶",2020-06-14 23:59:07,"Los Angeles, CA"
457,"RT @RealJamesWoods: Cuomo threatens to shut down Manhattan, Hamptons again if coronavirus social-distancing rules broken // This genius mus‚Ä¶",2020-06-14 23:59:07,GOD GREEN EARTH
458,"RT @rhysblakely: A 70-year-old man in Seattle survived the coronavirus, got applauded by staff when he left the hospital after 62 days -- a‚Ä¶",2020-06-14 23:59:07,
459,"RT @chrisfritzen: So proud to know Dr. Jon Popler, Pulonologist at @childrensatl ! Consistently providing smiles to our kids.  https://t.co‚Ä¶",2020-06-14 23:59:07,"Atlanta, Georgia"
460,"RT @sclinton60: It is comforting to know, that we still have Governors out there that care about
#COVID19 
https://t.co/Oc5nso4UL6",2020-06-14 23:59:07,"Texas, USA"
461,"RT @IlhanMN: The pandemic is not over. Stay vigilant.

When protesting or volunteering, keep at least a six-foot distance from others when‚Ä¶",2020-06-14 23:59:07,
462,RT @cinderellaicius: I am in the hospital with my heart. I have permanent damage from having Coronavirus in March. I want to be at the prot‚Ä¶,2020-06-14 23:59:07,"Arizona, USA"
463,Latin America reels as coronavirus pandemic gains pace @AJENews  https://t.co/0tYDNcbdmb,2020-06-14 23:59:07,
464,RT @LionelMedia: I believe absolutely nothing that‚Äôs reported about coronavirus. Absolutely nothing. You could tell me the numbers are goin‚Ä¶,2020-06-14 23:59:07,FL
465,"RT @contrariansmind: The Secret, Absurd World of Coronavirus Mask Traders and Middlemen Trying To Get Rich Off Government Money https://t.c‚Ä¶",2020-06-14 23:59:06,Charlottesville-PortlandME-SFO
466,RT @NPRHealth: Health Experts Link Rise In Arizona Coronavirus Cases To End Of Stay-At-Home Order https://t.co/6bhPaMCnFo,2020-06-14 23:59:06,Worldwide
467,RT @SenKamalaHarris: Far too many Black and brown communities don't have access to public parks. As we consider the Great American Outdoors‚Ä¶,2020-06-14 23:59:06,"Tennessee, USA"
468,"RT @RealJamesWoods: Cuomo threatens to shut down Manhattan, Hamptons again if coronavirus social-distancing rules broken // This genius mus‚Ä¶",2020-06-14 23:59:06,"Amarillo, TX"
469,RT @NPR: Rebekah Jones says she was fired from her job at the Florida Health Department for refusing to manipulate data on its coronavirus‚Ä¶,2020-06-14 23:59:06,"Minnesota, USA"
470,WATCH LIVE  #Breaking #news #severe #wx #covid19 #coronavirus #gawx https://t.co/P3vWVR81XH,2020-06-14 23:59:06,"Atlanta, GA"
471,"RT @rhysblakely: A 70-year-old man in Seattle survived the coronavirus, got applauded by staff when he left the hospital after 62 days -- a‚Ä¶",2020-06-14 23:59:06,
472,"RT @rhysblakely: A 70-year-old man in Seattle survived the coronavirus, got applauded by staff when he left the hospital after 62 days -- a‚Ä¶",2020-06-14 23:59:06,United States
473,"RT @KenRoth: Trump, Bolsonaro and Boris Johnson all went through (or are still in) a denialist phase. Their three countries‚Äîthe US, Brazil,‚Ä¶",2020-06-14 23:59:05,
474,RT @catturd2: I‚Äôm old enough to remember the coronavirus.,2020-06-14 23:59:05,The REAL NJ Devil
475,"RT @SpectatorUSA: ""Are you ready for the second blame wave? As the country braces itself for an inevitable repeat surge in COVID-19 infecti‚Ä¶",2020-06-14 23:59:05,"Arizona, USA"
476,"RT @kerpen: California coronavirus surge tied to increase in testing, not reopening businesses, official says https://t.co/Tb54pFwQKV",2020-06-14 23:59:05,
477,RT @mrazaharoon: Request for prayers as a very dear close best friend (#COVID19 +ve) of mine has been put on ventilator in #Karachi. Allah‚Ä¶,2020-06-14 23:59:05,Karachi Kolachi Crotchee
478,"There are more deaths from #COVID19 than in WWI. 

The horror of it. 

#WearAMask 
#StaySafe",2020-06-14 23:59:05,"New Jersey, USA"
479,RT @RepRaulRuizMD: #COVID19 has only worsened health disparities in environmental justice communities. Watch as I discuss the need to creat‚Ä¶,2020-06-14 23:59:05,
480,"RT @UNCandCommunity: Coming up at 7 p.m. : As colleges across the country determine how to reopen during a pandemic, @60Minutes is spotligh‚Ä¶",2020-06-14 23:59:05,"Miami, Florida"
481,RT @ewarren: Remember: Steve Mnuchin is refusing to disclose which companies received more than $500 billion in taxpayer funds. Americans d‚Ä¶,2020-06-14 23:59:05,"Cambridge, MA"
482,"RT @egavactip: In Orange County, CA, very much in the midst of the pandemic, the health director resigns after death threats and the replac‚Ä¶",2020-06-14 23:59:05,
483,"RT @RealJamesWoods: New York state‚Äôs death toll of 30,575 accounted for 7% of the world‚Äôs deaths and 27% of American deaths as of June 11 /‚Ä¶",2020-06-14 23:59:05,
484,"RT @RealJamesWoods: Cuomo threatens to shut down Manhattan, Hamptons again if coronavirus social-distancing rules broken // This genius mus‚Ä¶",2020-06-14 23:59:05,
485,RT @ewarren: Remember: Steve Mnuchin is refusing to disclose which companies received more than $500 billion in taxpayer funds. Americans d‚Ä¶,2020-06-14 23:59:05,"Plano, TX"
486,"RT @rhysblakely: A 70-year-old man in Seattle survived the coronavirus, got applauded by staff when he left the hospital after 62 days -- a‚Ä¶",2020-06-14 23:59:04,"San Antonio, TX"
487,"RT @clevelanddotcom: ""There can be no question about one thing: Ohioans owe Dr. Amy Acton their thanks for giving so much of her energy, ex‚Ä¶",2020-06-14 23:59:04,"Cleveland, USA"
488,"RT @rhysblakely: A 70-year-old man in Seattle survived the coronavirus, got applauded by staff when he left the hospital after 62 days -- a‚Ä¶",2020-06-14 23:59:04,"Alexandria, VA"
489,RT @ProjectLincoln: The venue @realDonaldTrump is holding his rally at has canceled every other event in June because of the coronavirus.‚Ä¶,2020-06-14 23:59:04,Massachusetts
490,RT @PoliticusSarah: The Tulsa Health Department Director is urging Trump to cancel his rally due to rising coronavirus cases in the city.‚Ä¶,2020-06-14 23:59:04,Pennsylvania
491,"RT @RealJamesWoods: Cuomo threatens to shut down Manhattan, Hamptons again if coronavirus social-distancing rules broken // This genius mus‚Ä¶",2020-06-14 23:59:04,North Little Rock Arkansas
492,GSA Government Auctions https://t.co/1QaXP6LXPP,2020-06-14 23:59:04,Islamab
493,"People with low vitamin D levels more likely to die from coronavirus, study finds https://t.co/Vj050EEulU",2020-06-14 23:59:04,M√©xico
494,"RT @TheDemocrats: #COVID19 impacts everyone, everywhere, but not all communities are impacted equally. Black and Latino communities are har‚Ä¶",2020-06-14 23:59:03,"Hershey, PA"
495,RT @OutragedMary: African protesters within France are calling for all statues of French  war hero President and General De Gaulle to be de‚Ä¶,2020-06-14 23:59:03,"Manchester, England"
496,IRSnews: An #IRS tool allows those who receive very little income to quickly and easily sign up with #IRS for the E‚Ä¶ https://t.co/aAJMmlRsBV,2020-06-14 23:59:03,"Houston, Texas"
497,RT @PoliticusSarah: The Tulsa Health Department Director is urging Trump to cancel his rally due to rising coronavirus cases in the city.‚Ä¶,2020-06-14 23:59:03,
498,"RT @B52Malmet: 74 years on earth without a friend you haven‚Äôt purchased, a party you threaten with pikes and mean tweets, a wife who despis‚Ä¶",2020-06-14 23:59:03,Florida
499,"RT @drbellanifemi: I made a video of me wearing my full PPE, it‚Äôs called Donning. We wear all these before entering the red zone to attend‚Ä¶",2020-06-14 23:59:03,Everywhere In Nigeria.
